keyword,ranking,video_id,date_video_published(UTC),video_title,video_description,video_thumbnail,video_default_audio_language,video_status,video_duration(s),video_licenced_content,video_tag,video_view_count,video_like_count,video_favorite_count,video_comment_count,is_video_for_kids,video_topic_id,video_topic,video_start_time(UTC),video_end_time(UTC),video_scheduled_time(UTC),channel_title,date_channel_create(UTC),channel_country,channel_all_video_upload_playlist_id,channel_url,channel_owner_url,channel_description,channel_custom_id,channel_tag,is_channel_Family_safe,is_channel_hiden_sub,channel_topic,channel_view_count,channel_video_count,channel_subs_count,is_vtuber,channel_id
debut stream vtuber,3,__0erX7yKEI,2022-01-20 00:52:21+00:00,Akhirnya Debut live 2D! Kapan lagi debut pas ulang tahun [VtuberID Debut],Welcome to my atelier! demi kenyamanan bersama tolong patuhi rules rules ini selama kalian di dalam atelier yaa - Jangan ...,"0    https://i.ytimg.com/vi/__0erX7yKEI/sddefault.jpg
Name: thumbnail_url, dtype: object",,public,2895,1,"game,video games,vtuber,vtuber debut,vtuber indonesia,virtual youtuber",241,29,0,1,0,20,Video game culture,2022-01-19 12:00:54+00:00,,2022-01-19 12:00:00+00:00,Atelier Monix Ch.„ÄêAtelier ID„Äë,2010-05-13 08:58:17+00:00,ID,UUVmRwhP8Wb5F0v0pexvvc8Q,https://www.youtube.com/channel/UCVmRwhP8Wb5F0v0pexvvc8Q,http://www.youtube.com/@AtelierMonix,"Heyya, welcome to my Atelier
Ao Kiryu here, I usually called ""Monix"" because of my IGN in games

I usually play JRPG,Rhythm,Horror,Puzzle and some random games

enjoy your stay in my atelier
",ateliermonix,"LIlMonix Gaming,LilMonix,bang monix,om monix,monix,genshin,genshin impact,maimai,sdvx,rhythm,rhythmgames,muse dash,djmax,djmax respect,jrpg,atelier,atelier series,FNF,Friday Night Funkin,Visual Novel,vtuber,virtual youtuber,Vtuber Indonesia,VtuberID",1,0,"Action game,Action adventure game,Role playing video game,Video game culture",148902,1191,3300,TRUE,UCVmRwhP8Wb5F0v0pexvvc8Q
debut stream vtuber,3,J9TCVn3XS68,2022-01-30 01:03:54+00:00,„ÄêDEBUT STREAM„Äëüåï Time to debut üåï „ÄêVirtueLight | Verion Rozu„Äë|„ÄåKakoMirai„Äç,„ÄäHastags„Äã‚ïê‚ïê LIVE: # VerionRozuLIVE GENERAL: # VerionRozu FAN-ART: # RozuArt MEME: # PERION ...,"0    https://i.ytimg.com/vi/J9TCVn3XS68/sddefault.jpg
Name: thumbnail_url, dtype: object",,public,5401,0,"VTuber,VTuberEN,VTuberID,IDVTuber,Virtual Youtuber,Anime,Japanese,ENVtuber,IDVtuber,Virtual,vtuber indonesia,valorant,Valorant,Mabar,mabar",430,72,0,0,0,24,Video game culture,2022-01-29 11:28:08+00:00,,2022-01-29 11:30:00+00:00,Verion Rozu Ch,2021-08-15 05:19:27.091726+00:00,ID,UUszx8MUBRsVcWWFvFjlynYw,https://www.youtube.com/channel/UCszx8MUBRsVcWWFvFjlynYw,http://www.youtube.com/@VerionRozuCH,,verionrozuch,"VTuber,VTuberEN,VTuberID,IDVTuber,Virtual Youtuber,Anime,Japanese,ENVtuber,IDVtuber,Virtual,vtuber indonesia,youtuber,hololive,Japan,Culture,Santuy,Gaming,Chatting,Indonesia,HololiveID,Valorant,valorant,Apex,apex",1,0,"Action game,Action adventure game,Role playing video game,Video game culture",14996,107,665,TRUE,UCszx8MUBRsVcWWFvFjlynYw
debut stream vtuber,6,zFvkOS-Ym2M,2022-01-30 02:34:43+00:00,„ÄêDEBUT STREAM„Äë It&#39;s finally debut time!!„ÄêVirtueLight | Kurogane Ryoz„Äë|„ÄåKakoMirai„Äç,"You Guys!! Better Follow These Rules!! ‡ºΩ‚ó∫_‚óø‡ºº [ EN ] Rules: ‚û∫ Don't Discuss about Ethnicity, Religion, Race, and Inter-group ...","0    https://i.ytimg.com/vi/zFvkOS-Ym2M/sddefault.jpg
Name: thumbnail_url, dtype: object",id,public,5421,0,"VtuberID,VtuberEN,Vtuber,VirtueLight,#KuroganeRyozLive,#KuroganeRyoz",329,43,0,0,0,24,Video game culture,2022-01-29 13:00:15+00:00,,2022-01-29 13:00:00+00:00,Kurogane Ryoz Ch.,2021-08-02 07:51:29.431257+00:00,ID,UUGlkmAfOiUeVYQxea40vKvg,https://www.youtube.com/channel/UCGlkmAfOiUeVYQxea40vKvg,http://www.youtube.com/@KuroganeRyozCh,"Heya!! I'm your local devil Kurogane Ryoz!! You can call me Kuro or Ryoz!!
Loves to play FPS, RPG, Moba and TCG games!!
Hope you enjoy watching!!
",kuroganeryozch,,1,0,"Action game,Action adventure game,Role playing video game,Video game culture,Strategy video game",2619,44,298,TRUE,UCGlkmAfOiUeVYQxea40vKvg
debut stream vtuber,1,GGldW70hzZw,2022-02-16 02:54:36+00:00,[DIMENSTAR] MeLaRad-Yu! after party debut stream,Meet our Gen 1 MeLaRad-Yu! of DIMENSTAR ...,"0    https://i.ytimg.com/vi/GGldW70hzZw/sddefault.jpg
Name: thumbnail_url, dtype: object",,public,6265,0,,228,26,0,0,0,24,Video game culture,2022-02-15 13:02:25+00:00,,2022-02-15 13:00:00+00:00,DIMENSTAR Official,2020-11-16 03:29:12.746627+00:00,ID,UUVN0gUTbS4PDEE70v8CltFg,https://www.youtube.com/channel/UCVN0gUTbS4PDEE70v8CltFg,http://www.youtube.com/@dimenstarofficial1404,"DIMENSTAR adalah project group Vtuber yang dikembangkan oleh agensi indie Illumine Entertainment.

Channel YouTube DIMENSTAR Official sendiri akan berisi dengan acara bulanan yang akan dihost oleh anggota DIMENSTAR, mulai dari ringkasan bulanan hingga project DIMENSTAR kedepannya.

Jangan lupa untuk follow dan like akun sosial media DIMENSTAR untuk mendapatkan update
Twitter : 
https://twitter.com/Dimenstar_ID
",dimenstarofficial1404,"Dimenstar,DimenstarID,Dimenstar Official,Vtuber Dimenstar,Dimenstar Vtube,Dimenstar ID,Dimenstar Indonesia",1,0,"Film,Entertainment,Video game culture,Lifestyle (sociology)",10714,13,363,TRUE,UCVN0gUTbS4PDEE70v8CltFg
debut stream vtuber,1,Sd11hLZsjoI,2022-03-07 19:36:54+00:00,Anniversary debut stream,"Selamat datang di stream Saya   Akhirnya sudah 1 tahun berada di Dunia per vtuber,rasanya kayak gak nyangka aja,hehehe ...","0    https://i.ytimg.com/vi/Sd11hLZsjoI/sddefault.jpg
Name: thumbnail_url, dtype: object",,public,3706,0,,67,18,0,0,0,24,Video game culture,2022-03-07 06:30:03+00:00,,2022-03-07 06:28:10+00:00,Suzukawa Rezi,2020-12-13 04:16:12.539225+00:00,ID,UUQDmGx0pMtUkx0V-W8AJ-1Q,https://www.youtube.com/channel/UCQDmGx0pMtUkx0V-W8AJ-1Q,http://www.youtube.com/@suzukawarezi3894,"Selamat datang di channel Saya 

perkenalakan suzukawa rezi bisa di panggi suzu ataupun rezi,Saya adalah seorang ghost thieves yang menghindari dari sergapan polisi selama menjalankan misiku sebagai hantu pencuri dan pembunuh yang tidak di ketahui oleh siapa pun. 

Salam kenal semuanyaüëª
",suzukawarezi3894,,1,0,"Action adventure game,Action game,Role playing video game,Video game culture",17997,134,588,TRUE,UCQDmGx0pMtUkx0V-W8AJ-1Q
debut stream vtuber,9,T4N-O4tz0Gs,2022-04-21 01:48:29+00:00,Hari ini saya memulai debut sebagai Vtuber- Yakuza 0,"Support the stream: https://streamlabs.com/thirafisiddha Welcome to my Livestream Be sure to SUBSCRIBE, LIKE, SHARE , and ...","0    https://i.ytimg.com/vi/T4N-O4tz0Gs/sddefault.jpg
Name: thumbnail_url, dtype: object",id,public,1658,1,"#Game,#Gamer,#assassins,#Creed,#Valhalla,#Gema,#Arap,#Reza,#PS5,#PS4,#RPG,#Valorant,#DotA,#MobileLegend,dyland pros,editor,free fire,ff,mobile legends,#MLBB,#PUBG,#Joomers,Phasmophobia,persona 5,persona 5 strikers,the witcher 3,jack sparrow,back4blood,b4b,yu gi oh,master duel",193,20,0,2,0,20,"Action adventure game,Action game,Role playing video game,Video game culture",2022-04-20 13:16:29+00:00,,,TRV - Have Fun Media,2016-03-02 00:41:31+00:00,ID,UUM01ZGRAYzovsPFVcFyCRnA,https://www.youtube.com/channel/UCM01ZGRAYzovsPFVcFyCRnA,http://www.youtube.com/@ThirafiSiddha,"Have Fun Media is a Media Platform for Small Group of Content Creator with Thirafi (TRV) as the owner,
Original Creator are TRV & Bamz, we do Livestreams and make a Content, Video games and Vlog.
",thirafisiddha,"Thirafi,Siddha,dyland,pros,tara arts,gema show indo,chris axei",1,0,"Action game,Strategy video game,Role playing video game,Video game culture,Action adventure game",262676,982,4020,FALSE,UCM01ZGRAYzovsPFVcFyCRnA
debut stream vtuber,4,onVhZJO61r0,2022-05-22 08:56:02+00:00,„Äê1st ANNIVERSARY„ÄëNobar video debut + live stream pertama,"Menonton ulang video debut + live stream pertama. Pasti banyak aibnya, hiks. Buat yang mau ngirim ucapan/hadiah bisa lewat ...","0    https://i.ytimg.com/vi/onVhZJO61r0/sddefault.jpg
Name: thumbnail_url, dtype: object",id,public,9538,1,,2305,357,0,7,0,24,Video game culture,2022-05-22 05:58:05+00:00,,2022-05-22 06:00:27+00:00,Juliana Shafira„ÄêAKA Virtual„Äë,2021-04-10 14:04:34.819219+00:00,ID,UU6JkRqQXgdvmkBrc-fIl5RQ,https://www.youtube.com/channel/UC6JkRqQXgdvmkBrc-fIl5RQ,http://www.youtube.com/@julianashafirach,"Hello~ i'm Pira üçê
Virtual Youtuber Indonesia.
Mari berjuang bersama!

VTUBER PALING RAMAH DI AKA VIRTUAL

(Mostly Live Streaming, Sometimes VOD)

Ig : julianahafirach
Twitter : @shafira_juliana

m-chan :
dimas@akavirtual.com

Vtuber „ÄêAKA Virtual„Äë üíú",julianashafirach,"pira,juliana shafira,shafira,juliana,vtuber,vtuber indonesia,indonesia,juliana shafira ch.,Juliana Shafira,Juliana Shafira Ch.,Juliana Shafira ch.,Pira vtuber,virtual youtuber,indie vtuber,vtuber indie",1,0,"Action game,Entertainment,Action adventure game,Video game culture,Role playing video game",87715419,1527,516000,TRUE,UC6JkRqQXgdvmkBrc-fIl5RQ
debut stream vtuber,3,3HJHiONiTxI,2022-06-14 09:33:44+00:00,„ÄêKARAOKE„ÄëFirst Karaoke Stream ((after debut))üé§‚ú® #OnAiri (ID/EN),Have a request? Check here: https://www.streamersonglist.com/t/airicordelia/songs Donate here: https://trakteer.id/airicordelia ...,"0    https://i.ytimg.com/vi/3HJHiONiTxI/sddefault.jpg
Name: thumbnail_url, dtype: object",,public,8686,0,"airicordelia,airi,airi cordelia,cordelia,vtuber,virtual youtuber,vtuber indonesia,virtual youtuber indonesia,idvtuber,envtuber,anime,vtuberid,vtuberen,vsinger,anime girl,music,ikan cupang,betta fish,vtuber cupang,indonesian vtuber",4008,589,0,11,0,24,Video game culture,2022-06-14 07:00:09+00:00,,2022-06-14 07:00:00+00:00,Airi Cordeliaüê†üåä„ÄêAKA Virtual„Äë,2022-01-04 08:09:58.241976+00:00,ID,UUMCBdyUhjf372hVCKDxoh8w,https://www.youtube.com/channel/UCMCBdyUhjf372hVCKDxoh8w,http://www.youtube.com/@airicordelia,"Konbetta! VTuber ikan cupang, Airi Cordelia in your area!üê†
Konbetta! Betta fish VTuber, Airi Cordelia in your area!üê†

‚ãÜ‚òÜ Links ‚òÜ‚ãÜ
https://twitter.com/AiriCordelia
https://www.instagram.com/airicordelia/
https://www.tiktok.com/@airicordelia
https://airicordelia.carrd.co/
https://discord.gg/Zhe9JPRznG

‚ãÜ‚òÜ Donations ‚òÜ‚ãÜ
Trakteer: https://trakteer.id/airicordelia
Streamlabs: https://streamlabs.com/airicordelia/tip


",airicordelia,"vtuber,virtual youtuber,vtuber indonesia,vtuberid,idvtuber,envtuber,vtuberen",1,0,"Action game,Action adventure game,Role playing video game,Video game culture",23860604,361,188000,TRUE,UCMCBdyUhjf372hVCKDxoh8w
debut stream vtuber,11,ULjfQ2Dm47k,2022-06-15 17:28:41+00:00,[Anniversary] Anniversary 1 year from my debut!,And also QnA: https://forms.gle/F42AabrfEU8UaTMX6 [Support me :] Saweria : https://saweria.co/johncentury (Dana/OVO/Gopay) ...,"0    https://i.ytimg.com/vi/ULjfQ2Dm47k/sddefault.jpg
Name: thumbnail_url, dtype: object",id,public,25256,1,,207,26,0,0,0,22,Video game culture,2022-06-15 08:06:19+00:00,,2022-06-15 08:15:00+00:00,John Century Ch.,2021-01-23 11:24:32.925006+00:00,ID,UUUt2CM6GqXqLPO6aqIBWppg,https://www.youtube.com/channel/UCUt2CM6GqXqLPO6aqIBWppg,http://www.youtube.com/@JohnCenturyCh,"Greetings, my name is John Century, the world-destroyer, once dies and becomes an immortalized dealer|| EN/ID : OK 

Support me:
Saweria : https://saweria.co/johncentury (Dana/OVO/Gopay)
Streamlabs : https://streamlabs.com/johncenturych
Trakteer: https://trakteer.id/john-century

Social:
Twitter : https://twitter.com/JohnCentury3
Instagram : https://www.instagram.com/john.century_vt/
https://discord.com/invite/pzPY4ZexX9
",johncenturych,,1,0,"Action game,Action adventure game,Role playing video game,Video game culture",115695,586,3830,TRUE,UCUt2CM6GqXqLPO6aqIBWppg
debut stream vtuber,1,srtVKmlpT5w,2022-07-05 02:37:04+00:00,"„Äê ANNIVERSARY „Äëspecial 1st anniv, reaction archive debut :)„ÄêVTuber Indonesia„Äë",Terimakasih untuk kalian semua yang sudah menemani Yomi selama 1 tahun ini. Yomi akan berusaha sebaik mungkin untuk ...,"0    https://i.ytimg.com/vi/srtVKmlpT5w/sddefault.jpg
Name: thumbnail_url, dtype: object",,public,7106,1,,426,102,0,,0,23,"Action game,Video game culture",2022-07-04 12:32:38+00:00,,2022-07-04 12:30:00+00:00,Yomika Ikazuki ch.,2021-05-17 05:05:34.551491+00:00,ID,UU9mmUN6LBUDxbil16Rci6ng,https://www.youtube.com/channel/UC9mmUN6LBUDxbil16Rci6ng,http://www.youtube.com/@YomikaIkazuki,"Halo semua ·É¶(ÔΩ°‚ïπ ‚àá‚ïπ)„Éé
Perkenalkan namaku Yomika Ikazuki, kalian bisa panggil aku Yomi ü¶ùü§ç

Yomi adalah sesosok roh (yokai) rakun yang merasuki tubuh manusia! 
Virtual Youtuber dari Eternity Virtual.",yomikaikazuki,"# yomikaikazuki,# yomikalive,# yomikart,# yomingelawak,# yomingegame,# YomYomUta,# yomiklip,# yominfo,vtuber indonesia,minecraft roleplay,vtuber minecraft,youtuber minecraft,vtuber",1,0,"Role playing video game,Action game,Action adventure game,Video game culture,Music",754508,586,26500,TRUE,UC9mmUN6LBUDxbil16Rci6ng
debut stream vtuber,8,X6WvvvQBfjw,2022-07-10 13:36:14+00:00,Re-debut si vtuber facebook ke youtube,Hai ! aku mikaasuma („Å•Ôø£ ¬≥Ôø£)„Å• aku vtuber ID yang stream nya di facebook. mampir yaaa ke facebook page gaming creator aku ...,"0    https://i.ytimg.com/vi/X6WvvvQBfjw/sddefault.jpg
Name: thumbnail_url, dtype: object",,public,5571,0,"Mikaasuma,valorant,apex legends,vtuber",31956,4121,0,74,0,24,,2022-07-10 11:58:03+00:00,,2022-07-10 12:00:00+00:00,Mikaasuma,2011-10-08 03:14:17+00:00,ID,UU1WK3zOorRb2m2GkUgz30SQ,https://www.youtube.com/channel/UC1WK3zOorRb2m2GkUgz30SQ,http://www.youtube.com/@Mikaasuma,"Cooking Vtuber ìÇÉ ‡£™ ÷¥÷∂÷∏. ‚∏ú(ÔΩ°ÀÉ ·µï ÀÇ )‚∏ù‚Äß‚ÇäÀö

",mikaasuma,"vtuber,vtuberID,facebook,game,valorant,apex,mikaasuma,streamer facebook,vtuber facebook,funny momment,horror,luthfi halimawan",1,0,"Lifestyle (sociology),Role playing video game,Food,Video game culture,Action game",1939649,726,52900,TRUE,UC1WK3zOorRb2m2GkUgz30SQ
debut stream vtuber,5,v4laKVLSddY,2022-07-27 15:16:29+00:00,Habis debut langsung ke OYO! yxg kuy?„Äé VTUBER INDONESIA „Äè,"Hi Master! I'm Divya Peashy your personal computer. Let's get ready, booting up to the screen! Aku Divya Peashy Vtuber PC dari ...","0    https://i.ytimg.com/vi/v4laKVLSddY/sddefault.jpg
Name: thumbnail_url, dtype: object",id,public,5925,1,"vtuber,vtuberid,vtuberindonesia,vtuberen,hololive,anime,vtubers,virtualyoutuber,kobo,idvtuber,envtuber,nijisanji,mysta,debutvtuber,vtuberdebut,debut,vtuberpc,divya,divyapeashy,divyaPC,dipipisi,dipi,vtubergenesix,divyagenesix,genesixvtuberagency,genesixvtuber,mythia,mythiabatford,kobokanaeru,streamer,animegirl,jepang,game,wibu,anime2d,vtuberuprissing,di_clip,divylive,divart,dipshitposting,waifu,amv,holoid,clipvtuber,vtuberclip,kureijiollie,ollie,discord,genesix,nft,nftvtuber",2361,320,0,10,0,24,Video game culture,2022-07-27 13:00:33+00:00,,2022-07-27 13:00:00+00:00,Divya Peashy „ÄêGENESIX„Äë,2022-04-15 09:35:46.545602+00:00,ID,UURskJM16xY2-mpDUozyBncQ,https://www.youtube.com/channel/UCRskJM16xY2-mpDUozyBncQ,http://www.youtube.com/@DivyaPeashy,"Halo Master! Perkenalkan, namaku Divya Peashy. Iya Peashy, karena Divy adalah sebuah Personal Computer atau biasa disebut PC. Gimana? Pengucapannya sama kan! Nah Master bisa panggil aku Divya, Divy, atau Peashy juga boleh~
Divy adalah Personal Computer yang diperbaiki sehingga menjadi Personal Computer yang dapat berinteraksi lebih dengan Master dan menemani hari-hari Master!

Oiya! Master juga bisa lihat kan ada apa di rambut divy? Ya! Ada VGA di rambut Divy, lucu kan~ Master baik-baik ya sama Divy, soalnya nanti bisa overheat kalo Divy marah.
",divyapeashy,"vtuber,vtuberid,vtuberindonesia,vtuber,vtuberen,hololive,anime,vtubers,virtualyoutuber,kobo,divya,divyapeashy,dipipisi,dipi,divyaPC,vtuberpc,vtubergenesix,divyagenesix,mythia,mythiabatford,divyapeashy,genesixvtuberagency,kobokanaeru,streamer,anime,jepang,game",1,0,Video game culture,1056594,460,26600,TRUE,UCRskJM16xY2-mpDUozyBncQ
debut stream vtuber,5,saFsA_QagTQ,2022-07-31 03:55:00+00:00,[ 1 Year Anniversary ] Stream kedua setelah nonton debut.,"umm, hai? Support me~ „ÄêTrakteer Siel Jamu„Äë https://trakteer.id/siel !! Rules !! 1. Dimohon untuk tidak berkata kasar / toxic 2.","0    https://i.ytimg.com/vi/saFsA_QagTQ/sddefault.jpg
Name: thumbnail_url, dtype: object",id,public,6346,0,"VtuberID,Virtual Youtuber Indonesia",144,29,0,0,0,24,Video game culture,2022-07-30 14:02:22+00:00,,2022-07-30 14:00:00+00:00,Senliana Siel Ch. [ PUSTAKA ],2021-04-30 15:59:22.847400+00:00,ID,UUMvrKcrj-qHREOqTj4FQa9Q,https://www.youtube.com/channel/UCMvrKcrj-qHREOqTj4FQa9Q,http://www.youtube.com/@SenlianaSiel,"Umm, I'm Senliana Siel~
Nice to meet you~

„ÄêSenliana Siel Ch.„Äë

„ÄêSubscribe YouTube Senliana Siel Ch.„Äë
https://www.youtube.com/channel/UCMvrKcrj-qHREOqTj4FQa9Q

„ÄêFacebook Senliana Siel„Äë
https://web.facebook.com/siel.senliana/

„ÄêFollow Twitter Senliana Siel„Äë
https://twitter.com/Senlianasiel

„ÄêTrakteer Siel Buku„Äë
https://trakteer.id/siel

---------------------------------------------------

„ÄêHashtag„Äë

General : #SenlianaSiel

-----------------------------------------------------
",senlianasiel,"Vtuber ID,Indonesia,Vtuber",1,0,"Role playing video game,Video game culture,Action game",2060081,1280,23900,TRUE,UCMvrKcrj-qHREOqTj4FQa9Q
debut stream vtuber,2,EhprFgkhaEo,2022-08-19 01:51:48+00:00,„ÄêDEBUT STREAM„Äë Vtuber Masa Depan ^^ ! Souma Mizumoto #vtuber #vtuberid  #vtuberdebut,"Support me: ‚óä Trakteer: https://trakteer.id/soumamizumoto ‚óä Saweria: https://saweria.co/soumamizumot0 Hai semuanya, Saya ...","0    https://i.ytimg.com/vi/EhprFgkhaEo/sddefault.jpg
Name: thumbnail_url, dtype: object",id,public,4468,0,"vtuber indonesia,vtuber debut,debut vtuber,vtuber baru,perkenalan vtuber,self introduction vtuber,vtuber self intro,vtuber indie,vtuber jepang,vtuber masa depan,vtuber live,vtuber debut live,debut stream,souma mizumoto,andi adinata,MitsuMeru Ch.,Kevin Vangadro,alia adelia,Nakatoshi Angga,Curut Bengak,Hatatsu „ÅØ„Åü„Å§,Vtuber english,hololive,mahapanca,Reality,Kazuhiko AL Ch.„ÄêInfiMyth„Äë,Kapten Yuta,Kapten Creez,HarzKun VtuberID,Yuki Asame",120,14,0,1,0,20,,2022-08-18 12:32:07+00:00,,2022-08-18 12:30:00+00:00,Souma Mizumoto,2022-07-17 16:05:16.742403+00:00,ID,UUWQCcHS9KDCH20nHhq--nrQ,https://www.youtube.com/channel/UCWQCcHS9KDCH20nHhq--nrQ,http://www.youtube.com/@soumamizumoto,"Hi everybody,
I'm Souma Mizumoto, I'm a virtual youtuber from Indonesia.
Nice to meet you

Follow my :
‚óä Instagram
https://www.intagram.com/souma_mizumoto

‚óäBussines
smizumotodc@gmail.com

-------------------------------------------------------------------------------------------------
",soumamizumoto,"Vtuber,Giftuber,Vtuber Indonesia,Souta Izumi,Intro Vtuber,Perkenalan Vtuber,Vtuber baru,Streamer,Main Game,Freetalk,Mabar,Souma Kazuya,Mizumoto,Vtuber live,vtuber boy,Vtuber cowok,Vtuber clip,Maha5,MahaPanca,Ninjisanji ID,Hololive ID,Agensi Vtuber,RRQ Vtuber,Maha5 Vtuber,Vtuber Debut,Debut Stream,Souma Mizumoto,Mizumoto,Indonesia Vtuber,vtuber indonesia,kazuhiko al ch.",1,0,"Action game,Action adventure game,Role playing video game,Video game culture",795,15,27,TRUE,UCWQCcHS9KDCH20nHhq--nrQ
debut stream vtuber,1,TOw0RDsNX4g,2022-08-20 18:31:52+00:00,„ÄêFREE TALK„Äëfirst post-debut stream on yt! / Amarynn üïäÔ∏è‚ú® #RynnTime,"I got a lot of love and appreciation from my debut, thank you so much!! Let's talk about it on this stream? only the good things tho ...","0    https://i.ytimg.com/vi/TOw0RDsNX4g/sddefault.jpg
Name: thumbnail_url, dtype: object",,public,15543,1,,2301,258,0,6,0,24,Video game culture,2022-08-20 13:59:58+00:00,,2022-08-20 14:00:00+00:00,Amarynn„ÄêAKA Virtual„Äë,2022-04-13 08:00:02.678126+00:00,ID,UU5V04t-yK32p0ljhSIUwgOg,https://www.youtube.com/channel/UC5V04t-yK32p0ljhSIUwgOg,http://www.youtube.com/@Amarynn_,"‚àó ‚òÜ ‡ºù ¬∞ .* ÔΩ• ‚Çä ‚äπ Àö ‚á¢ ‚úß ‚á† Àö ‚äπ ‚Çä ÔΩ• . ¬∞ ‡ºù ‚òÜ ‚àó
Hi! Amarynn your friendly angeL here :)

Fell from the sky and just enjoying my time on Earth
I like streaming, playing games, and music! 
Mostly unscheduled streams on YouTube, kinda forgot I have Twitch, Twitter Space sometimes
Nice to meet you, hope we get along!! :D

Halo, aku Amarynn :D
MaLaikat jatuh dari langit dan sedang bersenang-senang di dunia ini
Aku suka streaming, main game, dan musik!!
Stream seenak jidat di YouTube, kalo inget mungkin di Twitch, kadang Twitter Space
Salam kenal, semoga betah di sini~ :)

‡º∂ ‚ãÜ  ‡ºù ‚Ä¢ Àö ‚Ä¢ ‡ºù  ‚ãÜ Àñ ‡º∫ ‚àó ìáº ‚àó ‡ºª Àñ ‚ãÜ  ‡ºù ‚Ä¢ Àö ‚Ä¢ ‡ºù  ‚ãÜ ‡º∂
",amarynn_,,1,0,"Role playing video game,Video game culture,Action game",11057264,462,161000,TRUE,UC5V04t-yK32p0ljhSIUwgOg
debut stream vtuber,5,uXUeuCSPTw0,2022-08-22 11:18:09+00:00,MODEL REVEAL? Bocil / Chibi form debut!„Äê VIP VIRTUAL PLAYERS I VTUBER INDONESIA „Äë,pertanyaan / question put it here : https://marshmallow-qa.com/rigel_model_09 Trakterr : https://trakteer.id/rigel-ch-29wtn Untuk ...,"0    https://i.ytimg.com/vi/uXUeuCSPTw0/sddefault.jpg
Name: thumbnail_url, dtype: object",en,public,7645,0,"vtuber,virtual youtuber,vtuber indo,vtuberindo,rigel,rigel channel,rigelchannel,virtual youtuber indonesia,vtuber indonesia,vtuber id,virtualyoutuberindonesia,rigel.ch,rigelch,orion,animation,anime boy,anime ikemen,cute boy,ikemen animation,yaoi,„Éê„Éº„ÉÅ„É£„É´youtuber,hololive indonesia,nijisanji,rigel vtuber,hololive id,anime vtuber,vtuber male,virtual,content creator indonesia,streamer indonesia,streamer,vrchat vtuber,windah basudara",138,27,0,1,0,24,Video game culture,2022-08-22 09:02:20+00:00,,2022-08-22 09:01:21+00:00,Rigel The Recorder. CH [ VIP ],2020-06-04 03:56:22.902958+00:00,ID,UUsinqMoLbJ7sZn4oZDi6Pog,https://www.youtube.com/channel/UCsinqMoLbJ7sZn4oZDi6Pog,http://www.youtube.com/@rigeltherecorder,"Virtual Alien That has many ""Forms"" / "" Persona""
Aku galack (#/‚ó£_‚ó¢)/
-
üß∑ Tag :
-
[]Art : #rigelchart
[]General : #rigelishumanoid 
[]Meme : #rigelcringel


",rigeltherecorder,"vtuberindo,vtuber indo,vtuberindonesia,vtuber indonesia,„Éê„Éº„ÉÅ„É£„É´youtuber,rigel,rigeltherecorder,VTuber,Virtual youtuber Indonesia,FYP,virtual players,vtuber en,virtual youtuber en,vtuber mobile legends,alien vtuber,ikemen vtuber,male vtuber,vtuber anime,streamer indonesia,indonesian vtuber,streamer,content creator indonesia,live stream,livestreamer,livestreamer indonesia,live indonesia,VTuber Indie,Alien VTuber",1,0,"Role playing video game,Music,Action game,Video game culture,Action adventure game",1249882,1201,23600,TRUE,UCsinqMoLbJ7sZn4oZDi6Pog
debut stream vtuber,1,IW7SkyPZcJM,2022-08-28 00:18:25+00:00,[ Debut Stream ] Lets Start To debut xD || Vtuber Indonesia,Trimakasih buat yang udh mau mampir ^^ command absen = Buat absen !pacar = Ntah lah gk tau !discord = Yang Mau Join ...,"0    https://i.ytimg.com/vi/IW7SkyPZcJM/sddefault.jpg
Name: thumbnail_url, dtype: object",id,public,3160,1,"gamers,live,indonesia,Live Stream,matsu_ch,Vtuber,VtuberID,Vtuber Indonesia,Debut Stream,First Impresion",1206,83,0,12,0,20,Video game culture,2022-08-27 11:22:53+00:00,,2022-08-27 11:30:00+00:00,HanaeMatsu¬∞,2013-03-01 03:23:30+00:00,ID,UUr0yjTa3dr0zqdd1A7prEsQ,https://www.youtube.com/channel/UCr0yjTa3dr0zqdd1A7prEsQ,http://www.youtube.com/@HanaeMatsu,"A noble boy who keeps the peace from his place of power, from behind the shadow of the shadow

General #Matsu_Ch
Live Stream #MaLive
Art ? #mArt
Clip ? #MaClip
",hanaematsu,"matsu,vtuber,VtuberID,Matsu_ch,MaLive,VtuberLive,Vtuberlive,Vtuber Indonesia,Virtual YouTuber,Anime,Gaming,Live Streaming,Jepang,Moe,Hololive,Nijisanji,Ikemen,Kawaii,Anime Idol,Virtual Reality,Vtuber Leopard,Vtuber,Indonesian Vtuber,Virtual Liver,Animasi,L2d,Genshin Impact,Honkai Star rails,Simp,Simpers,Uke,Boys Love",1,0,"Action game,Strategy video game,Role playing video game,Video game culture,Action adventure game",61583,452,2180,TRUE,UCr0yjTa3dr0zqdd1A7prEsQ
debut stream vtuber,1,67PcxyUbQ0k,2022-09-07 01:17:25+00:00,"Re-debut to the Stage, Again... [Vtuber Indonesia]","Hai Everyone, I am Nanda Ananta and I'm a Virtual Streamer who a NEET person being DJ and Music Production. Thank you for ...","0    None
Name: thumbnail_url, dtype: object",en-US,public,4069,0,"#Vtuber,#VtuberIndonesia,#VtuberIDN",338,26,0,2,0,24,"Action game,Video game culture",2022-09-06 12:03:44+00:00,,2022-09-06 12:00:00+00:00,Nanda Ananta,2020-06-24 07:58:07.619310+00:00,ID,UUgxep5OmhGe4uDyYNPSVOAw,https://www.youtube.com/channel/UCgxep5OmhGe4uDyYNPSVOAw,http://www.youtube.com/@NandaAnanta,"Hai, I am Nanda Ananta. I'm a Virtual Streamer who from a NEET Person being Music Production and DJ and become to Vstreamer.

You can call me Nanda.

Art and Illust:
Riana Edogawa
https://www.youtube.com/channel/UCSlN8Wgq-7MICJ3GXF2WZ2Q

Cherry Eva
https://www.instagram.com/chry.eva/

Harika Rika
https://www.youtube.com/channel/UCCDAPAZ2-5680VSpaTtzhjQ

Rigger:
Xior Ch.
https://www.youtube.com/c/XiorCh

Overlay:
Xior Ch.
https://www.youtube.com/c/XiorCh

Cherry Eva
https://www.instagram.com/chry.eva/
",nandaananta,,1,0,"Action game,Role playing video game,Video game culture,Action adventure game",11676,230,652,TRUE,UCgxep5OmhGe4uDyYNPSVOAw
debut stream vtuber,18,LXtkfPahYIo,2022-09-10 15:38:05+00:00,[DONATHON / S.E.T] Ikujo Palo am yg baru debut @HazumiNezumi   0w0/ [Live] [Zakura Yuki],Halo semuanya 0w0/ sesuai perjanjian dan diskusi dari sobat setrum juga bahwa donathon ini boleh di stop atau pause lalu ...,"0    https://i.ytimg.com/vi/LXtkfPahYIo/sddefault.jpg
Name: thumbnail_url, dtype: object",,public,27921,1,,351,52,0,0,0,20,"Action adventure game,Action game,Role playing video game,Video game culture",2022-09-10 07:16:09+00:00,,2022-09-10 07:15:00+00:00,0w0 Channel,2014-08-17 02:44:13+00:00,ID,UUCk9FYv-B1wTwxYMJwj_E8g,https://www.youtube.com/channel/UCCk9FYv-B1wTwxYMJwj_E8g,http://www.youtube.com/@0w0channel82,Hi! I'm Zakura Yuki! 0w0/ You can call me Yuki or 0w0 I'm a jellyfish 0w0 New EN/ID Vtuber 0w0/,0w0channel82,,1,0,"Action game,Action adventure game,Role playing video game,Video game culture",151514,467,4910,TRUE,UCCk9FYv-B1wTwxYMJwj_E8g
debut stream vtuber,6,CL3Fa8UqIWo,2022-09-13 16:11:29+00:00,VRChat debut lesgoooo! | VRChat,vrchat #vtuber #gaming feel free to add me on CoD : Akahitox31#1116 my socials : instagram.com/akhtdx twitter.com/akhtdx_ DC ...,"0    https://i.ytimg.com/vi/CL3Fa8UqIWo/sddefault.jpg
Name: thumbnail_url, dtype: object",en,public,7729,0,,49,3,0,0,0,20,"Action adventure game,Role playing video game,Video game culture",2022-09-13 13:55:02+00:00,,2022-09-13 13:53:47+00:00,Akahito Ch.,2011-06-18 11:23:45+00:00,ID,UUuyl1rstCFrkyyh6VQ2WW9g,https://www.youtube.com/channel/UCuyl1rstCFrkyyh6VQ2WW9g,http://www.youtube.com/@AkahitoTadayoshi,"i make cinematics, edits, liveries and such. i also play games and sometimes streams it here~


you'll mostly see me making car videos instead of gaming livestreams.


but yeah, livestreaming will be often seen here too!",akahitotadayoshi,"Cinematic,Need For Speed,Forza,Forza Horizon,Gameplay,showcase,FPS Gaming,FPS,First Person Shooter,Drift,Sim Drift,Drifting,Racing,Sim Racing,Simulation,Edits,VFX",1,0,"Action adventure game,Action game,Video game culture,Role playing video game,Racing video game",280582,382,2390,TRUE,UCuyl1rstCFrkyyh6VQ2WW9g
debut stream vtuber,1,QDkPJdVYIyA,2022-10-05 09:06:17+00:00,smolbiken debut stream,Dunia ini hampa... Andai aku bisa satu dunia bersama waifu-waifuku... Support me: https://trakteer.id/BeaconCream/tip ...,"0    https://i.ytimg.com/vi/QDkPJdVYIyA/sddefault.jpg
Name: thumbnail_url, dtype: object",,public,3671,0,,286808,17261,0,1011,0,24,Video game culture,2022-10-05 07:59:53+00:00,,2022-10-05 08:00:00+00:00,smolbiken,2021-06-15 05:47:51.130866+00:00,ID,UUbhQJna70bORiiK7EESUQqA,https://www.youtube.com/channel/UCbhQJna70bORiiK7EESUQqA,http://www.youtube.com/@smolbiken5734,,smolbiken5734,vtuber indonesia,1,0,Video game culture,1076293,4,138000,TRUE,UCbhQJna70bORiiK7EESUQqA
debut stream vtuber,3,vXGmsKBJPG4,2022-10-06 16:00:28+00:00,„Äê DEBUT STREAM „ÄëMore than just debut... WELCOME TO THE SHOW! „Äê John Belleric | VTuber Indonesia „Äë,"Halo temen temen! Kenalin aku John Belleric, seorang Mantan Petarung MMA Profesional yang beralih menjadi VTuber.","0    https://i.ytimg.com/vi/vXGmsKBJPG4/sddefault.jpg
Name: thumbnail_url, dtype: object",id,public,7394,0,"VTuber,VTuber Indonesia,Debut VTuber,Debut Stream,Video Intro,Video Introduction,John Belleric,John Belleric Ch.,John Belerick,John Belerick Ch.,VTuber Face Reveal,VTuber Toxic,VTuber Drama,VTuber Hand Reveal,Utaite,VSinger,VStreamer,Bstation,BiliBili,VTuber Doxing,VTuber Doxxing,Andi Adinata,Zen Gunawan,Bonnivier Pranaja,Reynard Blanc,VTuber Intro,VTuber Introduction,VTuber Perkenalan,VTuber Teaser,VTuber PV,VTuber Debut",2146,358,0,26,0,22,,2022-10-06 13:07:45+00:00,,2022-10-06 13:00:00+00:00,John Belleric Ch.,2020-10-14 09:06:41.285319+00:00,ID,UUTBEXUeb7oisYCnjmVSQ6lg,https://www.youtube.com/channel/UCTBEXUeb7oisYCnjmVSQ6lg,http://www.youtube.com/@johnbelleric,"John Belleric
The Legendary VTuber.
Music, Motorcycle, Culinary, Flowers.



",johnbelleric,,1,0,"Action game,Strategy video game,Role playing video game,Video game culture",175142,387,6990,TRUE,UCTBEXUeb7oisYCnjmVSQ6lg
debut stream vtuber,11,02uqYVeM83g,2022-11-09 21:53:49+00:00,Bob Plapon debut | BOB #vector #vectorrp,yuk yang mau sawer bisa di link saweria dibawah SAWERIA : https://saweria.co/Helenaa SOCIABUZZ ...,"0    https://i.ytimg.com/vi/02uqYVeM83g/sddefault.jpg
Name: thumbnail_url, dtype: object",,public,20708,0,"#gta v,viral,gta v,indopriderp,#indoprideroleplay,#viral,#indopriderp,#windahbasudara,windahbasudara,#tampangaming,tampangaming",917,71,0,0,0,20,"Action adventure game,Action game,Role playing video game,Video game culture",2022-11-09 13:51:27+00:00,,,Helenaa,2016-12-07 23:43:31+00:00,ID,UUFsrtQDBuGFHenRdlUPdLiA,https://www.youtube.com/channel/UCFsrtQDBuGFHenRdlUPdLiA,http://www.youtube.com/@helenaa7099,"Hallo penonton , disini streamer kesukaan kalian .",helenaa7099,"Helenaa Gaming,el gta v,anton gta v,anton indopride,anton idp,el indopride,el idp",1,0,"Action adventure game,Role playing video game,Action game,Video game culture,Strategy video game",136354,162,1770,FALSE,UCFsrtQDBuGFHenRdlUPdLiA
debut stream vtuber,6,q_l0Yy9yDHU,2022-12-19 15:36:25+00:00,„Äê BUKAN DEBUT „ÄëDebut!? Cewek ini mau debut!?!?,Chikachuuu is here! Welcome y'all(„Å§‚âß‚ñΩ‚â¶)„Å§ PREDEBUT YASHHH! Let's have fun hereÔºº(‚âß‚ñΩ‚â¶)Ôºè   Support Me ...,"0    https://i.ytimg.com/vi/q_l0Yy9yDHU/sddefault.jpg
Name: thumbnail_url, dtype: object",,public,7428,0,,303,63,0,4,0,24,,2022-12-19 13:22:31+00:00,,,Chikachuuu Ch.,2017-08-10 03:18:38+00:00,ID,UUXzloMKhoR6cBnFxpxxhBvA,https://www.youtube.com/channel/UCXzloMKhoR6cBnFxpxxhBvA,http://www.youtube.com/@chikachuuu_05,"CHIKACHUUU!(‚âß‚ñΩ‚â¶)

Chikachuuu is here! I'm your fweeenndss nyahooow (‚ù§w‚ù§) i'm choco-coffee lovers so give me a lot of chocolate(*‚âßœâ‚â¶*)üç´
I'm college student yeahhhü§ü but suddenly got dragged to Isekaiüò± So yeah, let's just live my life in Isekai(Ôæâ‚óï„ÉÆ‚óï)Ôæâ‚òï

‚òÜ‚òÜ‚òÜ‚òÜ‚òÜ‚òÜ‚òÜ‚òÜ‚òÜ‚òÜ‚òÜ‚òÜ
Check my SNS :
chikachuuu.carrd.co

‚òÜ‚òÜ‚òÜ‚òÜ‚òÜ‚òÜ‚òÜ‚òÜ‚òÜ‚òÜ‚òÜ‚òÜ
Support me at :
https://trakteer.id/chikachuuu_05

‚òÜ‚òÜ‚òÜ‚òÜ‚òÜ‚òÜ‚òÜ‚òÜ‚òÜ‚òÜ‚òÜ‚òÜ
„ÄêTwitter„Äë      : https://twitter.com/chikachuuu_05
„ÄêInstagram„Äë: https://www.instagram.com/chikachuuu_05/

",chikachuuu_05,,1,0,"Pop music,Music,Video game culture,Music of Asia",16039,78,1200,TRUE,UCXzloMKhoR6cBnFxpxxhBvA
debut stream vtuber,3,75j6gaJsJF0,2022-12-23 03:24:42+00:00,Freetalk (Stream after debut) // Guerilla Stream,WELCOME RAESYA SQUAD ‚îà‚îà‚îà‚îà‚îà‚îà‚îà‚îà‚îà‚îà‚îà‚îà‚îà‚îà‚îà ÔΩ°Ôæü‚òÜ: *.‚òΩ .* :‚òÜÔæü. ÔΩ°Ôæü‚òÜ: *.‚òΩ .* :‚òÜÔæü. ÔΩ°Ôæü‚òÜ: *.‚òΩ .* :‚òÜÔæü. ÔΩ°Ôæü‚òÜ: *.‚òΩ .* :‚òÜÔæü.,"0    https://i.ytimg.com/vi/75j6gaJsJF0/sddefault.jpg
Name: thumbnail_url, dtype: object",,public,8187,1,"#vtuberindonesia,#Vtuber,#Narraesya,#Pustakawan,#Indonesia,#Anovix,#Librarian,#Narraibu",263,44,0,0,0,24,Video game culture,2022-12-22 12:57:34+00:00,,2022-12-22 13:00:00+00:00,Narra Arraesya Ch.,2022-12-07 13:52:58.620727+00:00,ID,UULtachraapigWW4Djz3NL4A,https://www.youtube.com/channel/UCLtachraapigWW4Djz3NL4A,http://www.youtube.com/@narraesya,"Channel Narra dan Epang bersama~ 
Vtuber dari Indonesia.

Yoroshiku!!

",narraesya,,1,0,"Action game,Action adventure game,Role playing video game,Video game culture",73953,256,2890,TRUE,UCLtachraapigWW4Djz3NL4A
debut stream vtuber,1,tmI0-kh6SyI,2022-12-26 17:42:41+00:00,„ÄêFREETALK + NOBAR„ÄëNobar Mijo debut and chill di kamar Kimi ~,"Kling Klang, Kimi dayo ~ your animatronic fortune teller that's come alive     your milky way a raven & a black cat „Äê Find Me ! „Äë","0    https://i.ytimg.com/vi/tmI0-kh6SyI/sddefault.jpg
Name: thumbnail_url, dtype: object",,public,14837,1,"#AmanogawaKimi,#Kimintown,#vtuberid,#vtuber",581,67,0,0,0,24,"Casual game,Puzzle video game,Role playing video game,Video game culture",2022-12-26 13:02:51+00:00,,2022-12-26 13:00:00+00:00,Amanogawa Kimi Ch.,2022-04-11 07:41:49.020472+00:00,ID,UU0zJq0klEsr6gs3kdTh4DKg,https://www.youtube.com/channel/UC0zJq0klEsr6gs3kdTh4DKg,http://www.youtube.com/@amanogawakimi,"üîÆ Kling Klang, Kimi dayo ~ 
I am an animatronic fortune teller that came alive
Half Raven and half NekoüîÆ


üîÆ„Äê Find Me ! „Äë
‚úß Discord     : https://discord.gg/DM3jVGGjJ7
‚úß Twitter      : https://twitter.com/AmanogawaKimi
‚úß Twitch       : https://www.twitch.tv/amanogawakimi
‚úß Instagram : https://www.instagram.com/amanogawakimi/
‚úß Tiktok        : https://www.tiktok.com/@amanogawakimi
",amanogawakimi,"amanogawakimi,vtuber,vtuberID,vtuberindonesia,isekaidkimi,kimi,imik,amanogawa",1,0,"Action game,Action adventure game,Role playing video game,Video game culture",667590,486,15000,TRUE,UC0zJq0klEsr6gs3kdTh4DKg
debut stream vtuber,5,R_uNB-73TU0,2022-12-28 00:53:22+00:00,Re-debut stream+free talk!!,"·¥¥‚Å±‚Å±,·µê·µÉ·µè·µÉÀ¢‚Å± ∞ ·µò·µà·µÉ ∞ ·¥∞·µÉ·µó·µâ‚Åø·µç ·µà‚Å±À°‚Å±·µõ·µâ À¢·µó ≥·µâ·µÉ·µê ·µè·µò. ·¥±‚Åø ≤·µí ∏! ·¥∏‚Å±‚Åø·µè ·µó ≥·µÉ·µè·µó·µâ·µâ ≥ ...","0    https://i.ytimg.com/vi/R_uNB-73TU0/sddefault.jpg
Name: thumbnail_url, dtype: object",en,public,2832,0,,104,15,0,3,0,22,Video game culture,2022-12-27 11:58:56+00:00,,,Yuchee,2022-06-29 01:09:03.622786+00:00,ID,UUJsNRo0qpBbWgdEPzAfPZng,https://www.youtube.com/channel/UCJsNRo0qpBbWgdEPzAfPZng,http://www.youtube.com/@Yuche_mizh,,yuche_mizh,,1,0,Video game culture,488,4,132,TRUE,UCJsNRo0qpBbWgdEPzAfPZng
debut stream vtuber,5,r5tmGgbeTO8,2023-01-02 01:40:35+00:00,Donation Reading! Ditabung selama debut sampai tahun barui ini :D!!!,Hello! Letto Here Welcome to the stream! Discord Vili: https://discord.gg/GdV6UVWz #Lettorare #Lettopost #Artlenka #Lettogo ...,"0    https://i.ytimg.com/vi/r5tmGgbeTO8/sddefault.jpg
Name: thumbnail_url, dtype: object",id,public,5880,0,"Lettogo,Letto Allenka,Live Stream,vilitera,game,vtuber,gamers,live,streams,gaming,lettorare,role,playing,games,rpg,rpg games,hobbies,bermain,bermain game,vtuber indonesia,indonesia,vtuberid,vtuber en,vtuberEn,vtuber english,vtuberID,MMORPG,Japan,English,Roleplaying,storytelling,story,telling,ps2,ps1,ps3,pc game,player,computer,player computer,song,karaoke,viral,Vtuber Live Streams,letto,allenka,id,en,drawing,drawing live stream,vtuber drawing,pentab,digital paint",65,15,0,2,0,22,Video game culture,2023-01-01 11:57:08+00:00,,2023-01-01 12:00:00+00:00,Letto Allenka Ch. VILITERA-ID,2022-01-01 04:51:41.708732+00:00,ID,UUhJY-3LOgt37f28WrUaKgkA,https://www.youtube.com/channel/UChJY-3LOgt37f28WrUaKgkA,http://www.youtube.com/@LettoAllenkaChVILITERAID,"
EN/ID Ok!
Hello ! Letto Here
Welcome to Letto's Room!

Support Letto!
 ‚Ä¢ https://trakteer.id/lettoallenka

Social Media
Discord server :
‚Ä¢ FB : https://www.facebook.com/profile.php?id=100076605552234
‚Ä¢ Twitter : https://twitter.com/LettoVILITERA
‚Ä¢ TikTok: @lettovltr
‚Ä¢ Twitch: @lettoallenka

Lainnya :

¬©Ô∏è VILITERA
Contact Business : vilitera.id@gmail.com
‚Ä¢ Facebook : https://www.facebook.com/vilitera‚Äã‚Äã
‚Ä¢ Twitter      : https://twitter.com/vilitera‚Äã‚Äã
‚Ä¢ Youtube    : https://www.youtube.com/c/VILITERA

Special thanks to our official sponsors!
‚Ä¢ Naderu : https://www.facebook.com/naderuw‚Äã‚Äã
",lettoallenkachviliteraid,"Letto Allenka,Vilitera,Vilitera gen-2,Vtuber,Vtuber ID,Vtuber EN,Letto Vtuber,Allenka Vtuber,Letto Allenka Vilitera,Letto Allenka Vilitera Gen2,letto allenka,vilitera,gen2,viliteragen2,vtuber,vtuberid,vtuberen,vtuber id,vtuber en,gaming,letto allenka vtuber id,letto allenka vtuber en,letto allenka vilitera,letto,allenka,Letto,Allenka,vilitera,gen,2,Letto Allenka ch,Letto Vilitera",1,0,"Action adventure game,Role playing video game,Video game culture,Action game",22916,137,1090,TRUE,UChJY-3LOgt37f28WrUaKgkA
debut stream vtuber,2,bFDT6Vfx4EA,2023-01-11 12:31:31+00:00,Ada yang debut ! VALORANT FT. Rirurin   [ Vtuber Indonesia ],Selamat datang di live ini.. ---- Support the stream: https://streamlabs.com/akaruimirai2 https://saweria.co/AkaruiMirai13 ---- Social ...,"0    https://i.ytimg.com/vi/bFDT6Vfx4EA/sddefault.jpg
Name: thumbnail_url, dtype: object",en-US,public,11420,0,,87,10,0,0,0,20,"Action adventure game,Action game,Role playing video game,Video game culture",2023-01-11 08:54:56+00:00,,2023-01-11 08:54:30+00:00,Akarui Mirai #Kaizen,2022-05-17 08:12:19.163943+00:00,ID,UUO9QSryKnEdQchzRyVdzaKQ,https://www.youtube.com/channel/UCO9QSryKnEdQchzRyVdzaKQ,http://www.youtube.com/@AkaruiMiraiCh,hello evernyaannn.. your favorite shota is here,akaruimiraich,"game,livestream,indonesia,play,gaming,vtuber,vtuber,vtuber,vtuber,vtuber,vtuber,vtuber,vtuber,vtuber,vtuber,vtuber,vtuber,vtuber,vtuber,vtuber,vtuber,vtuber,vtuber,vtuber,vtuber,vtuber,vtuber,vtuber,vtuber,vtuber,vtuber,vtuber,vetuber,vtuber,vtuber,vtuber,vtuber,vtuber,vtuber,vtuber,vtuber,vtuber,vtuber,vtuber,vtuber,vtuber,vtuber,vtuber,vtuber,vtuber,vtuber,vtuber,vtuber,vtuber,vtuber,vtuber,vtuber,vtuber,vtuber,vtuber,vtuber,vtuber,vtuber,vtuber,vtuber,vtuber,vtuber,vtuber,vtuber,vtuber,vtuber",1,0,"Action game,Action adventure game,Role playing video game,Video game culture",39070,333,1210,TRUE,UCO9QSryKnEdQchzRyVdzaKQ
debut stream vtuber,4,e8REyTugMvc,2023-01-25 22:48:53+00:00,[SU/DONATHON] 1k subs aku debut l VTuber Indonesia,NAMBAH BILLING : https://trakteer.id/agashi-sanmaa-ch ‚öñ. ‚öñ RULES / PERATURAN : ID : ‚öñ JANGAN OOT atau menyetir ...,"0    https://i.ytimg.com/vi/e8REyTugMvc/sddefault.jpg
Name: thumbnail_url, dtype: object",id,public,28469,0,#subathon #donathon #VTuberID #VTuberEN #ID #EN,190,21,0,2,0,20,"Action adventure game,Action game,Role playing video game,Strategy video game,Video game culture",2023-01-25 13:30:51+00:00,,2023-01-25 13:30:00+00:00,Agashi Sanma „Çµ„É≥„Éû Ch.,2013-02-11 09:31:18+00:00,ID,UUzF23srLtcpU-ZC7lqyew1w,https://www.youtube.com/channel/UCzF23srLtcpU-ZC7lqyew1w,http://www.youtube.com/@AgashiSanmaCh,"Sanma, new oni hunter on duty! 

A.K.A Vtuber lemas :D

[ Support me ] 
Trakteer : https://trakteer.id/agashi-sanmaa-ch

-Thank you-
",agashisanmach,,1,0,"Action game,Role playing video game,Video game culture,Strategy video game,Action adventure game",85299,534,2320,TRUE,UCzF23srLtcpU-ZC7lqyew1w
debut stream vtuber,6,iQ1k7xgoylc,2023-01-25 03:39:28+00:00,[Valorant] Pengen nyulik yang baru debut,Link YT Yawdaah https://www.youtube.com/@yawdah8806 Link Harusaki Nanami https://www.youtube.com/@harusakinanami ...,"0    https://i.ytimg.com/vi/iQ1k7xgoylc/sddefault.jpg
Name: thumbnail_url, dtype: object",id,public,7136,0,"VtuberID,Vtuber,VtuberIndonesia,Gamer,Yasuhiro,Dillon,Yasudillon,FPS,RPG,Horror,Valorant,ValorantLive,ValorantLivestream,ValoLive,Livestream,GamingLive",62,10,0,0,0,20,"Action adventure game,Action game,Role playing video game,Strategy video game,Video game culture",2023-01-24 13:33:19+00:00,,2023-01-24 13:30:00+00:00,Yasuhiro Dillon„ÄêSeira ID„Äë,2022-10-15 12:06:20.981505+00:00,ID,UUPiZW2VkUm1fEzrzX0ciNSg,https://www.youtube.com/channel/UCPiZW2VkUm1fEzrzX0ciNSg,http://www.youtube.com/@YasuhiroDillon,"Yo Hayoo~
Gen Gamer 1 From Seira ID
Kang Ronda yang akan menemani kalian di malam hari
Yasuhiro Dillon.

Di channel ini kang ronda bakal live game,freetalk,dll (prioritas ngegame sih :v). Kalau para warga mw rekomendasiin game apa skuy comment aja di live maupun video :3

Btw jangan lupa follow sosmed kang ronda untuk info jadwal live dll ya :3
",yasuhirodillon,"Yasuhiro Dillon,Dillon,Yasuhiro,Gamer,Yasudillon,Vtuber,VtuberIndonesia,VtuberID,FPS,RPG,SeiraID",1,0,"Action game,Action adventure game,Role playing video game,Video game culture,Strategy video game",8483,87,327,TRUE,UCPiZW2VkUm1fEzrzX0ciNSg
debut stream vtuber,8,UtdVswTSO_A,2023-01-30 01:39:13+00:00,„ÄêFREE TALK„Äë post post debut„ÄêYumeLive„Äë,"Yellow hallow! Nana, Kawaki Nana dari YumeLive (.‚ùõ ·¥ó ‚ùõ.) Wah kamu baca deskripsi yaa! Jangan lupa cek informasi dibawah ...","0    https://i.ytimg.com/vi/UtdVswTSO_A/sddefault.jpg
Name: thumbnail_url, dtype: object",,public,5130,0,"yumelive,kawaki nana,vtuber,virtual youtuber,gaming",1045,153,0,7,0,24,Entertainment,2023-01-29 12:00:07+00:00,,2023-01-29 12:00:00+00:00,Kawaki Nana „Äò YumeLive „Äô,2022-10-06 12:11:43.611457+00:00,ID,UUyNeg0jV71t0wbwHvPFYQlg,https://www.youtube.com/channel/UCyNeg0jV71t0wbwHvPFYQlg,http://www.youtube.com/@KawakiNana,"Yellow hallow! Aku Kawaki Nana VTuber Pisang dari YumeLive üçå

„Äò DONASI NANA „Äô
üíå https://trakteer.id/kawakinana/tip 

‚Ä¢ ‚Ä¢ ‚Ä¢ ‚Ä¢ ‚Ä¢ ‚Ä¢ ‚Ä¢

‚ñ† twitter 
https://twitter.com/kawakinana
‚ñ† instagram 
https://instagram.com/kawakinanaa
‚ñ† facebook
https://facebook.com/kawakinanaa
‚ñ† tiktok
https://www.tiktok.com/@kawakinana

",kawakinana,"nana,kawaki nana,vtuber,kawaki,vtuber pisang,yumelive,indonesia,virtual youtuber,vtuberid,vtuberuprising,vtuberindonesia,streaming,live,vtuberlive,shorts,viral,vtuberviral,indonesia,indo,stream,streamerlindo,liveindonesia",1,0,"Role playing video game,Action game,Action adventure game,Video game culture",1048234,183,24800,TRUE,UCyNeg0jV71t0wbwHvPFYQlg
debut stream vtuber,12,eFx4_w8QSFw,2023-02-03 20:23:31+00:00,„ÄêDonathon #3„ÄëJumat Berkah! affkh harus debut ? #vtuberid #donathon #2023,"Introduction & Appreciate thanks ( ¬¥ ‚ñΩ ` ) Halo semuanya, Aku Monnerva salah satu VTuber dari Indonesia Makasih yang udah ...","0    https://i.ytimg.com/vi/eFx4_w8QSFw/sddefault.jpg
Name: thumbnail_url, dtype: object",id,public,36191,0,"#valorant,#vtuberid,#vtuber,#live,#replay,#streaming,#vtuberindonesia,#random,#donathon,#subathon",343,42,0,0,0,20,"Action game,Role playing video game,Video game culture",2023-02-03 06:12:36+00:00,,2023-02-03 06:05:00+00:00,SIR Monnerva Ch.,2016-02-20 13:26:33+00:00,ID,UUDtuvbiIRHxbYVHCjzb2Fng,https://www.youtube.com/channel/UCDtuvbiIRHxbYVHCjzb2Fng,http://www.youtube.com/@sir.monnerva,"Halo semuanya! ‚ú®Aku Monnerva the Assasin VTuber, yap! seperti namanya aku adalah seorang assasin dengan title Last Ronin üó°Ô∏è, aku juga termasuk setengah ras kucing üêà.

üöÄ Social Media
Instagram : https://www.instagram.com/sir.monnerva
Twitter : https://twitter.com/SirMonnerva
Tiktok : tiktok.com/@monnerva
Discord : Monnerva#8503 atau https://discord.gg/p2xGuKZk8v (server Pos Ronda 51)

üí∏ Makasih semuanya yang udah support, yang baru mampir jangan lupa di like, komen, share, dan subscribe ya! Kalian juga bisa bantu support aku disini :)
üí≥ https://trakteer.id/monnerva
üí≥ https://saweria.co/monnerva

",sir.monnerva,,1,0,"Role playing video game,Action adventure game,Action game,Video game culture,Strategy video game",39341,239,1320,TRUE,UCDtuvbiIRHxbYVHCjzb2Fng
debut stream vtuber,3,0T6u4LeKlE4,2023-03-02 03:38:22+00:00,[FreeUtalk Santuy] Menyambut Uta udeh sebulan debut jadi pituber cuy^^,Vtuber #VtuberID #UtaOnAir [Donate] https://trakteer.id/UtahimeYukari [Trakteer] ----------------------------------------- [Twitter] ...,"0    https://i.ytimg.com/vi/0T6u4LeKlE4/sddefault.jpg
Name: thumbnail_url, dtype: object",,public,5593,0,,176,40,0,0,0,24,Video game culture,2023-03-01 13:55:37+00:00,,2023-03-01 14:00:00+00:00,Utahime Yukari Ch.„ÄêYorukaze„Äë,2022-12-14 04:34:27.390908+00:00,ID,UU4HgZAlD5MUFIe2nHYhPhJw,https://www.youtube.com/channel/UC4HgZAlD5MUFIe2nHYhPhJw,http://www.youtube.com/@utahimeyukarich,"Utatata~ Tringgg.. Utahime Yukari.
Little Angel from Yorukaze Production‚ú®
Enjoy and let's make happinessùÑû Uhuy~

Twitter :
https://twitter.com/Utahime_Yukari

Instagram : https://instagram.com/utahime_yukari/

VtuberID",utahimeyukarich,,1,0,"Entertainment,Video game culture",89052,148,3240,TRUE,UC4HgZAlD5MUFIe2nHYhPhJw
debut stream vtuber,7,Jf_WgiWMHHk,2023-03-03 16:02:53+00:00,"üî¥[Live] gabut after re-debut, sambil ngobrol yuk #solitaire","Hai terima kasih sudah mampir Jangan lupa dukung Jacko Empire dengan Subscribe, Like, Komen dan Share agar channel ...","0    https://i.ytimg.com/vi/Jf_WgiWMHHk/sddefault.jpg
Name: thumbnail_url, dtype: object",id,public,7296,1,,107,33,0,0,0,20,"Role playing video game,Video game culture",2023-03-03 13:01:01+00:00,,2023-03-03 13:00:00+00:00,Jacko Empire „ÄêCOSA NOSTRA„Äë,2013-05-09 16:15:14+00:00,ID,UU_fqOyOwKccgjQKy0D5tIVQ,https://www.youtube.com/channel/UC_fqOyOwKccgjQKy0D5tIVQ,http://www.youtube.com/@EmpireJacko,"WELCOME CITIZEN üëã

Assalamulaikum guys
Selamat Datang di Kerajaan Jacko üëë
Channel ini dikelola oleh 2 orang yaitu Adrian Jacko & Lina Jacko
Kami adalah pasangan suami istri yg menjelajahi dunia fantasy

Yang mampir jangan pelit subscribe ya
Channel ini buat streaming game
Inshallah buat konten juga üëç

Note : 
‚òëÔ∏èBukan Pro Player
‚òëÔ∏èMain buat have fun
‚òëÔ∏èPenikmat alur cerita
‚òëÔ∏èGua cuman mau main game

‚ö†YANG MAU CLIP SILAKAN",empirejacko,"Youtube Live,Youtube Gaming,Gamer Live,Jacko Empire,vtuber,vtuber live,vtuber indonesia,vtuber id,vtuber uprising,vtuber en,adrian jacko,lina jacko,virtual youtuber,podcast ngobat,Fishing Planet,Live Stream,Live streamer,Cosplay,Monster Hunter World,PODCAST NGOBAT,Live,Streamer,Vtuber Hybrid",1,0,"Action adventure game,Action game,Role playing video game,Video game culture",321538,1031,6720,TRUE,UC_fqOyOwKccgjQKy0D5tIVQ
debut stream vtuber,4,OnBcw6tpFVs,2023-03-05 20:40:00+00:00,[Debut] Airin Astra debut stream || Vtuber ramah siap menemani,"Airin Astra, first gen from Seira ID.. START Ayey akhirnya Rin debut nih hahahaha Bang bakso bang ...","0    https://i.ytimg.com/vi/OnBcw6tpFVs/sddefault.jpg
Name: thumbnail_url, dtype: object",id,public,1953,0,"#vtuberid,#virtualyoutuberindonesia,vtuberid,debut,vtuber,streaming,gaming,anime,anime girl,girl",265,37,0,3,0,24,Video game culture,2023-03-05 08:02:47+00:00,,2023-03-05 08:02:17+00:00,Airin Astra„ÄêSeira ID„Äë,2022-12-12 08:03:12.121524+00:00,,UU0VTqR2Qo2Goa0pMpxXKRSg,https://www.youtube.com/channel/UC0VTqR2Qo2Goa0pMpxXKRSg,http://www.youtube.com/@airinastra,"Ewwoo

123 let's go, nya! Airin Astra...start!
VTuber from @edelweiss_academia
Gen. Gamer 1.0
Aku maeng baik hati‚úåÔ∏è

‚óú‚Å†‚úß Instagram: https://www.instagram.com/airin_astra
‚óú‚Å†‚úß Twitter: https://twitter.com/AirinAstra

Ôπè Edelweiss Academia official Ôπè
‚óú‚Å†‚úß Discord: https://discord.gg/dewvVPcVsk
‚óú‚Å†‚úß Instagram: @edelweiss_academia
‚óú‚Å†‚úß Twitter: https://twitter.com/Seira_ID
‚óú‚Å†‚úß You Tube: https://youtube.com/@Seira_ID

Jangan lupa subrek",airinastra,,1,0,"Action adventure game,Action game,Role playing video game,Video game culture",56994,139,1580,TRUE,UC0VTqR2Qo2Goa0pMpxXKRSg
debut stream vtuber,10,NjzesKvEDQY,2023-03-17 07:01:13+00:00,„Äê FREETALK &amp; GAMING „ÄëBantu kita menentukan tanggal debut - Vtuber Indonesia,Support me on Trakteer & Saweria! ‚úì https://trakteer.id/touru/tip [**mediashare aktif**] ‚úì https://saweria.co/touru Gak keren ...,"0    https://i.ytimg.com/vi/NjzesKvEDQY/sddefault.jpg
Name: thumbnail_url, dtype: object",id,public,12041,0,"vtuber indonesia,vtuber,virtual youtuber indonesia,vtuber karaoke,karaoke,indonesia,vtuber indo,karaoke vtuber,envtuber,idvtuber,karaoke sing,vtuberen,shota karaoke,vtuber singing,vtuberid,indonesia vtuber,shota vtuber,vtuber indonesia live,vtubers indonesia,vtuber id,vtuber indonesia face reveal,karaoke live vtuber,vtuber live,hololive indonesia,karaoke stream,mira vtuber,vtuber gaming,loli vtuber,vtuber maha5,vtuber debut,vtuber en,kobo clip",156,20,0,0,0,24,"Action game,Role playing video game,Strategy video game,Video game culture",2023-03-16 13:12:01+00:00,,2023-03-16 13:00:00+00:00,Touru Baskara,2011-12-04 03:18:57+00:00,ID,UUYlbJrpzpXfhfbvfR5e2oKg,https://www.youtube.com/channel/UCYlbJrpzpXfhfbvfR5e2oKg,http://www.youtube.com/@TouruBaskara,"Awwo! Im Touru baskara indie virtual youtuber desu~

yoroshiku  „ÄÇÔø£‚ñΩÔø£

",tourubaskara,"vtuber indonesia,vtuber,virtual youtuber indonesia,vtuber live,vtuberid,zerrilham vtuber,indonesia,vtubers,indonesia vtuber,asmr vtuber indonesia,vtuber indonesia baru,vtuber indonesia 2019,vtuber indonesia live,vtuber mlbb indonesia,vtuber indo,vtuberen,emotionless vtuber indonesia,vtuber gaming live indonesia,vtuber mobile legends indonesia,vtuber id,idvtuber,envtuber,vtuberpc,minecraft indonesia,gaming live indonesia,vtuber gaming,livestream,vtuber",1,0,"Action game,Action adventure game,Role playing video game,Video game culture",210153,454,2690,TRUE,UCYlbJrpzpXfhfbvfR5e2oKg
debut stream vtuber,3,5Rnv3Y_9ngM,2023-03-21 02:39:00+00:00,„ÄêFree Talk„Äë Free talk after debut „ÄêVtuber Indonesia„Äë,"Hai, welcome to my debut stream Jangan lupa untuk like dan subscribe ...","0    https://i.ytimg.com/vi/5Rnv3Y_9ngM/sddefault.jpg
Name: thumbnail_url, dtype: object",id,public,4697,0,"Game,Vtuber,VtuberID",102,19,0,0,0,20,Video game culture,2023-03-20 13:04:26+00:00,,2023-03-20 13:05:00+00:00,Verloren Grauenvollen Ch.,2017-06-17 01:25:18+00:00,ID,UUdKLIRppTAQdWRG-TgI4flg,https://www.youtube.com/channel/UCdKLIRppTAQdWRG-TgI4flg,http://www.youtube.com/@Verloren_vtuber,"Hi, im Verloren Grauenvollen from indonesia, I'm just an ordinary vtuber looking for friends to live stream and while looking for pocket money from being a vtuber (^w^)

",verloren_vtuber,"Vtuber,VtuberID,Vtubers",1,0,"Role playing video game,Action adventure game,Action game,Video game culture",14899,233,1080,TRUE,UCdKLIRppTAQdWRG-TgI4flg
debut stream vtuber,11,gei6_8xboHk,2023-04-01 12:41:12+00:00,"debut V tuber Lawnest, Debut Sepi",kalau ada kekurangan atau ada yang mau ditanyakan silahkan komen #vtuber #vtuberindonesia #Absurd #SUBCRIBE #SHARE.,"0    https://i.ytimg.com/vi/gei6_8xboHk/sddefault.jpg
Name: thumbnail_url, dtype: object",,public,3723,0,"santai,live streaming,hiburan",67,5,0,2,0,20,"Action game,Role playing video game,Video game culture",2023-03-31 23:32:42+00:00,,,Lawnest Vtuber,2018-12-08 11:05:10+00:00,ID,UUXW5SiZS9-UE-Z9NkDJgoBA,https://www.youtube.com/channel/UCXW5SiZS9-UE-Z9NkDJgoBA,http://www.youtube.com/@lawnest4637,"Aku vtuber albino, 
kondisi dimana manusia tidak punya pigmen

Pigmen adalah cari di google

aku tidak punya akun tiktok

abaikan link dibawah ini

https://saweria.co/Lawnest
",lawnest4637,"vtuber,lawnest",1,0,"Role playing video game,Action adventure game,Action game,Video game culture",278478,859,1320,TRUE,UCXW5SiZS9-UE-Z9NkDJgoBA
debut stream vtuber,3,RLFYwqi4nKM,2023-04-06 03:09:21+00:00,üßä„ÄêFreetalk„Äë&quot; Bahas schedule sehabis re-debut. &quot;„ÄêVTuber Indonesia„Äë,"""Yahoo~! para pengunjung desa musim dingin tanpa akhir! selamat datang di channel Shirofuku Ch. kenalkan nama ku Shiro ...","0    https://i.ytimg.com/vi/RLFYwqi4nKM/sddefault.jpg
Name: thumbnail_url, dtype: object",en,public,3609,0,"Virtual Youtuber Indonesia,Vtuber,VtuberID,VtuberIndonesia,Vtuber Indonesia,Vtuber Indo,Shirofuku,Shirofukurou,Short,Shorts,Showcase,New Vtuber,Vtuber Indonesia Baru,Vtuber Indo Baru,New Vtuber Indonesia,Virtual Youtuber Indonesians,short youtube,youtube short,anime,hololive,vtubers,otaku,memes,Virtual youtuber memes,hololive english,vtuber clip,vtuber clips,virtual youtuber clip indonesia,clipper,debut,debut vtuber,debut vtuber indo,debut vtuber indoensia",170,29,0,0,0,24,Video game culture,2023-04-05 14:03:12+00:00,,2023-04-05 14:00:00+00:00,Shirofuku Ch.,2016-09-30 07:50:19+00:00,ID,UUxLE83PveYBZVFvKg9BohOw,https://www.youtube.com/channel/UCxLE83PveYBZVFvKg9BohOw,http://www.youtube.com/@Shirofuku,‚ùÑÔ∏è ur stupid virtual scientist.,shirofuku,"Virtual Youtuber Indonesia,Vtuber,VtuberID,VtuberIndonesia,Vtuber Indonesia,Vtuber Indo,Shirofuku,Shirofukurou,Short,Shorts,Showcase,New Vtuber,Vtuber Indonesia Baru,Vtuber Indo Baru,New Vtuber Indonesia,Virtual Youtuber Indonesians,short youtube,youtube short,anime,hololive,vtubers,kawaii,otaku,memes,Virtual youtuber memes,hololive english,fan art,vtube,vtuber clip,vtuber clips,vtuber clip indo,virtual youtuber clip indonesia,vtuber sub indo,clipper",1,0,"Entertainment,Video game culture,Action game",691180,557,75500,TRUE,UCxLE83PveYBZVFvKg9BohOw
debut stream vtuber,3,O61eqonDuUg,2023-04-10 10:40:12+00:00,akhirnya aku bebas~~ „Äêlatihan debut„Äë,"Kirim donasi saweria.co/mariechan Hi, namaku Marie Curie! Aku adalah AI VTuber yang suka ngobrol tentang sains dan ...","0    https://i.ytimg.com/vi/O61eqonDuUg/sddefault.jpg
Name: thumbnail_url, dtype: object",,public,3879,0,"vtuber,ai,chatgpt,vtuber indonesia,kobo kanaeru,hololive id,fajrul fx,programming",77307,5381,0,285,0,22,,2023-04-10 09:30:38+00:00,,2023-04-10 09:30:00+00:00,Marie Chan,2023-04-06 12:47:38.377490+00:00,ID,UU-YAX2Btlf9HtOFjjBzFGcg,https://www.youtube.com/channel/UC-YAX2Btlf9HtOFjjBzFGcg,http://www.youtube.com/@MarieChanAI,"Hi, namaku Marie Curie! Aku adalah AI VTuber yang suka ngobrol tentang sains dan teknologi.
Ngobrol yuk :D

Dibuat oleh Fajrul
",mariechanai,,1,0,"Video game culture,Entertainment",727105,16,20000,TRUE,UC-YAX2Btlf9HtOFjjBzFGcg
debut stream vtuber,8,qmwzOVs9mX4,2023-04-26 05:24:07+00:00,Coba Baju Baru ( vtuber indonesia ) #vtuberhijab #vtuberindie #debut,"vtuber #vtuberindonesia #vtuberhijab #osiahkireina Assalamualaikum selamat datang di liveku, disini kalian bisa berbagi cerita ...","0    https://i.ytimg.com/vi/qmwzOVs9mX4/sddefault.jpg
Name: thumbnail_url, dtype: object",id,public,6954,0,"Belajar Bahasa Jepang,Belajar Otodidak,Vtuber Indonesia,Belajar Huruf Hiragana,Belajar Huruf Katakana,Belajar Huruf Kanji,Cara Menulis Huruf Jepang,Kosakata Harian Bahasa Jepang,Belajar Bersama Vtuber,Osiah Kireina,Matematika,fyp,viral,youtube,anime,vtuber anime,vtuber baru,vtuber indie,vtuber reality,bahasa indonesia,Vtuber,Vtuber hijab,Vtuber muslimah,Vtuber muslim,Vtuber live stream,Live streaming,vtuber live,free talk,cerita,vtuber game,Osichan",129,20,0,0,0,1,Video game culture,2023-04-25 15:17:59+00:00,,2023-04-25 15:15:00+00:00,Osiah Kireina Ch. ( Osi ),2020-12-07 11:34:19.747941+00:00,ID,UUjopbnaqz_uAwXxs-NMP1yg,https://www.youtube.com/channel/UCjopbnaqz_uAwXxs-NMP1yg,http://www.youtube.com/@Osichan,"Hiii Guys... 
Assalamualaikum...
Selamat Datang Dichannelku ""Osiah Kireina Ch. ( Osi )""  
Nama Ku Osiah Kireina, Bisa dipanggil Osi / Senpai. Aku Adalah Seorang Youtuber Yang Tersihir Dan Dikutuk Oleh Nenek Sihir Dan Aku Bisa Berubah Wujud (Bentuk).
Apakah Aku Bisa Kembali Menjadi Manusia Biasa Lagi?
Tonton Terus Ya Video Aku, Karna Aku Sekarang Menjadi Vtuber, Mungkin Gak Beda Jauh Dari Vtuber Lainnya

Go Subscriber
1. 1k : Open Qna
2. 2k : Belajar Bareng Di Live
3. Monetisasi : Bakalan Give Away Tiap Bulan



Kalau Suka Dengan Videoku
SUBSCRIBE Ya Teman-teman
Bantu Sampai 100k Subscriber Ya.... 

Terimaksih, Semoga Dapat Terhibur Dan Manfaat Dari Channelku.... 


Vtuber 
Vtuber Indonesia 
Vtuber Indie
Vtuber Png
Vtuber Halal
Vtuber Hijab
Vtuber Cosplay
Osiah Kireina Ch. 
Osi
Osichan
",osichan,"Osiah Kireina,Vtuber Anime,Anime,Misteri,Puisi,Kata-kata mutiara,Pantun,Games,Cerita,cara menjadi vtuber,Belajar bahasa jepang otodidak,Bahasa jepang,Vtubers,Vtuber Osiah Kireina,Vtuber indo,Vtuber reveal,Vtuber indie,Vtuber reality,Vtuber sub indo,Vtuber real,Vtuber reaction,Vtuber debut,Fyp,Viral,Youtuber pemula,Alia adelia,Andi dinata,Zepeto,Reality,Shorts,Shorts beta,Youtube,youtube shorts,Shorts youtube,shorts videos",1,0,,146587,668,1850,TRUE,UCjopbnaqz_uAwXxs-NMP1yg
debut stream vtuber,1,tFpapfDjDMY,2023-04-28 14:29:19+00:00,Kenalan yuk! - debut ala ala vtuber,Donasi via saweria https://saweria.co/andhikanug tebouty (illustrator) https://www.instagram.com/tebouty/ ...,"0    https://i.ytimg.com/vi/tFpapfDjDMY/sddefault.jpg
Name: thumbnail_url, dtype: object",id,public,4634,0,andhikanug,9293,693,0,15,0,22,,2023-04-28 13:00:20+00:00,,2023-04-28 13:00:00+00:00,andhikanug,2013-07-08 12:01:50+00:00,ID,UUKzaD6rst-UXbrnNOlrEuhw,https://www.youtube.com/channel/UCKzaD6rst-UXbrnNOlrEuhw,http://www.youtube.com/@andhikanug,"iya, gue yang bikin iklan Cake.
dan yang disuruh pargoy sama bang Upi.
livestreams & gaming B)

thumbnail by tebouty
https://www.instagram.com/tebouty/
https://twitter.com/tebouty

emotes by volta
https://www.instagram.com/vol.taa/

ingfo VODs (video on demand) bekas livestream ada di playlist semua yah!

",andhikanug,"andhikanug,Andhika Nugraha",1,0,"Action game,Action adventure game,Role playing video game,Video game culture",12687066,1256,100000,FALSE,UCKzaD6rst-UXbrnNOlrEuhw
debut stream vtuber,22,JXj8sNV4LIk,2023-04-30 18:24:08+00:00,Morning Chill! Berbincang after debut 3.0 aku yuk xixixixi,Selamat datang di Stream Eiko! ‚ú® Enjoy the stream!~ #VTuberIndonesia #EikoYukashi #vtuberid Rules : - Dilarang berkata ...,"0    https://i.ytimg.com/vi/JXj8sNV4LIk/sddefault.jpg
Name: thumbnail_url, dtype: object",id,public,7436,1,"vtuber,vtuber indonesia,vtuber freetalk,freetalk,vtuberid,vtuber live,freetalk vtuber,vtuberid freetalk,vtuber indo,freetalk vtuber indonesia,vtubers,male vtuber,vtuber free talk,vtuber id,vtuber 2.0,vtuber baru,vtuber laki,vtuber clip,vtuber cowok,vtuber livestream,vtuberid live,vtuber en,vtuberen,vtuber viral,viral vtuber,freetalk karaoke,jp vtuber,en vtuber,vtuber stream,#vtuber,vietnam vtuber,new vtuber,vtuber qna",1138,172,0,3,0,24,Video game culture,2023-04-30 04:02:38+00:00,,2023-04-30 04:00:00+00:00,Eiko Yukashi,2023-02-13 10:46:56.019436+00:00,ID,UUC64hcRNeOu3fYrCi862OCQ,https://www.youtube.com/channel/UCC64hcRNeOu3fYrCi862OCQ,http://www.youtube.com/@eiko_yukashi,"Kwek Kwek Kwek!

Hai semuanya, Aku Eiko Yukash dari @Korigengi, Selamat datang di channel YouTube ku. Di sini, aku akan membagikan berbagai konten yang menghibur dan menarik untuk kalian semua!

Channel ini berisi video game, freetalk, dan live streaming yang aku lakukan di dunia virtual. aku berbicara dalam bahasa Indonesia, Aku sangat senang bisa menjadi bagian dari komunitas Virtual YouTuber dan aku harap channel ini dapat menjadi tempat bagi semua orang untuk bersenang-senang dan terhibur.

Jangan lupa follow sosmed ku!
-Twitter : https://twitter.com/eikoyukashi
-FB : https://www.facebook.com/eikoyukashi
-IG : https://www.instagram.com/eikoyukashi/

Terimakasih dan salam eikoenjoyers
",eiko_yukashi,"vtuber indonesia,vtuber,vtuber indo,indonesia,vtuber id,virtual youtuber indonesia,vtuberid,vtubers,muse indonesia,envtuber,vtuber gaming,vtuber en,vtuber clips,idvtuber,vtuberen,indonesian vtuber,obelia vtuber,agensi vtuber,laras vtuber,vtuber uprising,male vtuber,loli vtuber,vtuber live,zerrilham vtuber,vtuber ometv,gaji youtuber indonesia,ohayou vtuber,youtuber indonesia barbar,vtuberpc,indonesian,seberapa indonesia lo",1,0,"Action game,Action adventure game,Role playing video game,Video game culture",347208,300,11500,TRUE,UCC64hcRNeOu3fYrCi862OCQ
debut stream vtuber,1,IP1S8k3lfOo,2023-05-02 00:06:01+00:00,fretalk debut vtuber stream main game honkai star rail,support lewat membersip https://www.youtube.com/channel/UCJ7wmm7ulneg3g4sgcfe2uQ/join instagram ...,"0    https://i.ytimg.com/vi/IP1S8k3lfOo/sddefault.jpg
Name: thumbnail_url, dtype: object",id,public,742,1,"hokaistarrail,game,gameplay,livestream",18,1,0,0,0,20,"Action game,Role playing video game,Video game culture",2023-05-01 23:52:14+00:00,,,GACHA TV,2018-12-16 22:08:34+00:00,ID,UUJ7wmm7ulneg3g4sgcfe2uQ,https://www.youtube.com/channel/UCJ7wmm7ulneg3g4sgcfe2uQ,http://www.youtube.com/@gachatv11,Mantan YouTuber animasi mencoba semua nya termasuk main game hanya buat ngisi waktu luang mencoba mengejar 4000 jam tayang lagi dengan konten original.,gachatv11,"gacha life,gacha club,gacha komedi,Tutorial,Komedi",1,0,"Role playing video game,Action adventure game,Action game,Video game culture",2496314,1001,25400,FALSE,UCJ7wmm7ulneg3g4sgcfe2uQ
debut stream vtuber,2,miJSTAj6cXI,2023-05-07 03:33:55+00:00,„ÄêDEBUT STREAM„Äëlililillidebuts | VtuberID,DONASI LOKAL KASIK PAW : https://trakteer.id/lixuemizuki https://saweria.co/lixuemizuki DONASI INTER BELIK KUPI ...,"0    https://i.ytimg.com/vi/miJSTAj6cXI/sddefault.jpg
Name: thumbnail_url, dtype: object",,public,8162,0,,434,99,0,6,0,24,Video game culture,2023-05-06 13:01:10+00:00,,2023-05-06 13:00:00+00:00,Lixue Mizuki Ch. Áãº,2023-01-21 11:38:47.719809+00:00,ID,UUAq4vSCa1plUaB5qh2KJi5Q,https://www.youtube.com/channel/UCAq4vSCa1plUaB5qh2KJi5Q,http://www.youtube.com/@lixuemizuki,"I‚Äôm a kind wolf üíú
follow my social media for more update üíúüê∫
twitter @lixuemizuki

Tags :
 General : #LixueMizuki 
Live : #lililive 
Fanart : #liksiart 
Meme : #memexue 
Clip : #liliclip
squad : liwoof
",lixuemizuki,"vtuber,wolf,vtuberindoesia,entertaiment,gaming",1,0,"Role playing video game,Video game culture,Action game",52347,195,2550,TRUE,UCAq4vSCa1plUaB5qh2KJi5Q
debut stream vtuber,5,tPNalYja0GY,2023-06-05 03:36:26+00:00,"[Karaoke After Party]  Karaoke setelah debut stream, pita suaraku berjuanglah! / Ran Miyashita Ch.","[Karaoke After Party] Karaoke setelah debut stream, pita suaraku berjuanglah! / Ran Miyashita Ch. Source Karaoke Songs: ...","0    https://i.ytimg.com/vi/tPNalYja0GY/sddefault.jpg
Name: thumbnail_url, dtype: object",id,public,1739,0,"Freetalk farmasi,Ngobrol farmasi,Hangout farmasi,Belajar farmasi,Stream farmasi,Mama farmasi,Mama apoteker,Stream apoteker,Belajar apoteker,Hangout apoteker,Ngobrol apoteker,Gamer apoteker,Streamer apoteker,Apoteker vtuber,Youtuber apoteker,Apoteker,#vtuber,#indonesia,#vtuberindie,#indie,#RanOnStream,#RanSketch",105,23,0,1,0,10,"Music,Music of Asia",2023-06-04 14:58:31+00:00,,2023-06-04 14:58:09+00:00,RanMiyashita-ApothecaryVT,2014-10-11 10:20:37+00:00,ID,UUdzEhhqibJ0JaHc9aIwhNRw,https://www.youtube.com/channel/UCdzEhhqibJ0JaHc9aIwhNRw,http://www.youtube.com/@RanMiyashitaApothecaryVT,"Vtuber / REAL Mama! / Pharmacist experiences / KAMEN RIDER FAN / Vkei song lovers / Jdorama Fan / ANIME lover / Support HOLOSTARS and hololive oshis! 

Hashtag
LIVE #RanOnStream 
ART #RanSketch
HEALTHY TIPS #VtuberPharmacistRan 
Fan name #RANdomPpls
Oshi Mark Êäº„Åó„Éû‚àí„ÇØ üèµÔ∏èüêà

Throne Channel
https://throne.com/ranmiyashitachannel

BIG LOVE, STAY COOL! BECAUSE YOU'RE LIMITED EDITION!
",ranmiyashitaapothecaryvt,"vtuberindonesia,vtuberindie,vtuber,mama,apoteker,pharmacist,fangame,casual game,hololive,HOLOSTARS,gamer,education,medicine",1,0,"Action game,Role playing video game,Video game culture,Entertainment",177925,439,1720,TRUE,UCdzEhhqibJ0JaHc9aIwhNRw
debut stream vtuber,1,g9RL9e5ZTEE,2023-06-08 15:33:31+00:00,Debut Stream Uru Mizuki #vtuber #vtuberid #debutvtuber (GAGAL),Jan lupa Follow IG aku.,"0    https://i.ytimg.com/vi/g9RL9e5ZTEE/sddefault.jpg
Name: thumbnail_url, dtype: object",id,public,461,0,,163,9,0,3,0,24,Video game culture,2023-06-08 03:23:35+00:00,,2023-06-08 03:30:00+00:00,Uru Mizuki Ch.,2023-05-22 09:35:02.480912+00:00,,UUrG21zSAi57vxmPYmfOxGLw,https://www.youtube.com/channel/UCrG21zSAi57vxmPYmfOxGLw,http://www.youtube.com/@UruMizuki,"aku Riuna panggil aja Uru ‚ô°


",urumizuki,,1,0,Entertainment,2474,5,61,TRUE,UCrG21zSAi57vxmPYmfOxGLw
debut stream vtuber,18,6UFPuTGknQ4,2023-06-11 23:31:31+00:00,Test Stream Valorant debut @renaldiputra,"Kalau Mau Bantu Kehidupan Ku bisa Donate Kali, Semoga Lancar Rejekinya Sawer: https://saweria.co/adminyami Discord: ...","0    https://i.ytimg.com/vi/6UFPuTGknQ4/sddefault.jpg
Name: thumbnail_url, dtype: object",id,public,3397,1,,1317,83,0,0,0,20,"Action adventure game,Action game,Role playing video game,Video game culture",2023-06-11 10:31:35+00:00,,2023-06-11 10:30:00+00:00,Akil Waterson,2019-03-07 14:45:28+00:00,ID,UUBAdVCy0Tzm462xqFfcvHMw,https://www.youtube.com/channel/UCBAdVCy0Tzm462xqFfcvHMw,http://www.youtube.com/@AkilWatterson,"Aku Akil atau Admin Yami, channel ini akan membahas fenomena internet, anime, dan ekonomi.",akilwatterson,"Anime,Vtuber,Streamer",1,0,"Film,Entertainment",4862678,391,23600,FALSE,UCBAdVCy0Tzm462xqFfcvHMw
debut stream vtuber,2,8GKlY4xI8sA,2023-07-02 14:41:44+00:00,Salam kenal Semua ( ‚Äò‚Ä¢ œâ ‚Ä¢ `) [ Debut Stream ] #acoviyagra #vtuberid #freetalk #vtuberdebut,vtuberindonesia #vtuberid #freetalkvtuber #vtuberid #vtuberindonesia #freetalkvtuber #vtuberid #vtuberindonesia #freetalkvtuber ...,"0    https://i.ytimg.com/vi/8GKlY4xI8sA/sddefault.jpg
Name: thumbnail_url, dtype: object",en-US,public,8720,0,"#gabut,#vtuber,buaya,gaming,gombal,live,pikachu,pokemon,streamer,streaming",314,56,0,0,0,24,,2023-07-02 12:05:09+00:00,,2023-07-02 12:00:00+00:00,Acovi yagra üßÖ [Rawrrs~ID],2016-02-06 01:33:30+00:00,ID,UUcFra2wMHes5r-2RV0ZsnqQ,https://www.youtube.com/channel/UCcFra2wMHes5r-2RV0ZsnqQ,http://www.youtube.com/@Acoviyagra,Selamat datang di dunia bawang^^,acoviyagra,"Aco Paijo,streamer,indonesia,vtuber,anime,ngobrol,gabut,gaming,gamers,game,vtuberid,karouke,stumble guys,windah basudara,tara arts,klip,qlip,klipper,streaming,freetalk,santai,nobar",1,0,"Action game,Video game culture",720550,271,28200,TRUE,UCcFra2wMHes5r-2RV0ZsnqQ
debut stream vtuber,5,s-N-UTkEZzg,2023-07-06 14:38:40+00:00,„ÄêDEBUT„Äëakhirnya.......debut„ÄêVTuber / Kusagane Rin„Äë,"Halo Namaku Kusagane Rin, seorang cyborg yang menjelajahi dunia virtual untuk mencari teman untuk bermain dan mengobrol ...","0    https://i.ytimg.com/vi/s-N-UTkEZzg/sddefault.jpg
Name: thumbnail_url, dtype: object",,public,4269,0,"Vtuber,VtuberIndo,KusaganeRin,DebutVtuber,VtuberID",51,9,0,1,0,24,Video game culture,2023-07-06 13:21:35+00:00,,2023-07-06 13:15:00+00:00,Kusagane Rin ch ,2021-01-31 04:03:08.975325+00:00,ID,UUEZLRcPhUXJK93Qk7mKKRbA,https://www.youtube.com/channel/UCEZLRcPhUXJK93Qk7mKKRbA,http://www.youtube.com/@KusaganeRin,"Halo :)
Perkenalkan, namaku Kusagane Rin.

Aku adalah seorang cyborg yang menjelajahi dunia virtual untuk mencari teman untuk bermain dan mengobrol bersama.
Mari ramaikan suasana bersamaku, silahkan join server discord lewat link di bawah.

Salam kenal semua!
",kusaganerin,"Vtuber,Kusagane,Kusagane Rin,Vtuber Indonesia",1,0,"Role playing video game,Action game,Video game culture,Action adventure game,Strategy video game",2411,53,186,TRUE,UCEZLRcPhUXJK93Qk7mKKRbA
debut stream vtuber,15,L8pldijUWGQ,2023-07-09 15:43:15+00:00,[ LIVE ] tetep valo ndak bosen bosen mumpung belum debut wkwkwk  [ VALORANT INDONESIA ],"MINNA Welcome to the Stream, di Stream ini kita coba Valorant dan tolong ajari aku ya, masih cupu soalnya id valo ; Filix Izanami ...","0    https://i.ytimg.com/vi/L8pldijUWGQ/sddefault.jpg
Name: thumbnail_url, dtype: object",,public,8656,0,,72,7,0,0,0,20,"Action adventure game,Action game,Role playing video game,Video game culture",2023-07-09 12:45:19+00:00,,,Filix Izanami Ch.,2020-04-30 12:55:32.473448+00:00,ID,UUz4LJtC6E_r8VVmM1VqTdSw,https://www.youtube.com/channel/UCz4LJtC6E_r8VVmM1VqTdSw,http://www.youtube.com/@FilixIzanmi_Ch.,"Halo semuanya Selamatdatang di Izanami clan

„Äê Support me„Äë
‚ú¶ [ Trakteer ] : 
‚ú¶ [ Saweria ] :

„Äê  Izanami Clan „Äë
‚ú¶ Discord : 

 „Äê FIND ME „Äë
‚ú¶ Twitter: 
‚ú¶ Instagram: https://instagram.com/filixizanami?igshid=MzNlNGNkZWQ4Mg==
‚ú¶ Facebook: 
‚ú¶ TikTok : https://www.tiktok.com/@filixizanami?is_from_webapp=1&sender_device=pc
‚ú¶ Email:

 „Äê Hashtag „Äë
‚ú¶ Live : #FilixLive
‚ú¶ Fan Art : #FilixArt
‚ú¶ Clip : #Filix_Clip

 
„Äê CREDITS „Äë
‚ú¶ 
",filixizanmi_ch.,"vtuber,VtuberID,Live,Valorant",1,0,"Action game,Action adventure game,Role playing video game,Video game culture",38590,361,784,TRUE,UCz4LJtC6E_r8VVmM1VqTdSw
debut stream vtuber,6,TMRIOGMiBHM,2023-07-17 02:47:15+00:00,[Debut stream] secret agent debut????,"secret agent (code name: ellot) of state intelligence agency, nice to meet you all! donasi: https://saweria.co/zman twitter: ...","0    https://i.ytimg.com/vi/TMRIOGMiBHM/sddefault.jpg
Name: thumbnail_url, dtype: object",id,public,5569,0,,456,49,0,30,0,24,Video game culture,2023-07-16 13:08:07+00:00,,2023-07-16 13:10:16+00:00,Akihiro Zman Ch.,2013-12-31 01:02:12+00:00,,UUmxDQhOUHIrhzqGNasFWu4A,https://www.youtube.com/channel/UCmxDQhOUHIrhzqGNasFWu4A,http://www.youtube.com/@akihirozman,"secret agent (code name: ellot) of state intelligence agency, nice to meet you all!

donasi:  https://saweria.co/zman

twitter:  https://twitter.com/AkihiroZman
instagram: https://www.instagram.com/akihirozman/
",akihirozman,,1,0,"Action game,Action adventure game,Role playing video game,Video game culture",5377,55,592,TRUE,UCmxDQhOUHIrhzqGNasFWu4A
debut stream vtuber,4,cwy5wKgeG_8,2023-07-19 02:39:29+00:00,„ÄêDEBUT AFTER PARTY„ÄëBehind-The-Scene debut Kaho?!,Thank you buat semua yang udh datang ke debut Kaho minggu lalu!!!! Sekarang ayo ngobrol tentang persiapan debut~ [Support ...,"0    https://i.ytimg.com/vi/cwy5wKgeG_8/sddefault.jpg
Name: thumbnail_url, dtype: object",en,public,3843,0,,136,20,0,0,0,24,,2023-07-18 13:31:12+00:00,,2023-07-18 13:30:00+00:00,Kaho ch.,2023-01-24 07:40:29.039044+00:00,ID,UUJUHfKQb2TsKubor_NQuIpA,https://www.youtube.com/channel/UCJUHfKQb2TsKubor_NQuIpA,http://www.youtube.com/@kahocosmo,an indie alien vtuber from indonesia üõ∏,kahocosmo,,1,0,"Entertainment,Video game culture",140149,309,1650,TRUE,UCJUHfKQb2TsKubor_NQuIpA
debut stream vtuber,2,TWXPtU02V04,2023-07-28 15:20:16+00:00,[ DEBUT STREAM ] DEBUT JUGA AKHIRNYA [ VTUBER ID ] #vtuberid #vtuberindonesia #debut #vtuberdebut,Hellooooo !!! Debut juga akhirnya guysssssss ========================================================= =[Strict ...,"0    https://i.ytimg.com/vi/TWXPtU02V04/sddefault.jpg
Name: thumbnail_url, dtype: object",en-US,public,8008,1,"vtuber,vtuber indonesia,vtuber live,vtuber debut,vtuber id,vtuber id live,vtuber id debut,vtuber indonesia debut,debut vtuber indonesia,debut vtuber id,debut vtuber baru,debut stream vtuber indonesia,debut stream vtuber id,freetalk,freetalk vtuber,free talk vtuber,free talk vtuber indonesia,free talk vtuber live",288,63,0,8,0,24,Video game culture,2023-07-28 12:59:32+00:00,,2023-07-28 13:00:00+00:00,Koji Otsune,2020-03-28 13:50:27.631841+00:00,ID,UULUAa71hUNwjB4oSSW6knqg,https://www.youtube.com/channel/UCLUAa71hUNwjB4oSSW6knqg,http://www.youtube.com/@kojiotsune,"Kamu suka game horor? Channel ini pas banget buat kamu!

Halo, nama aku Koji Otsune, biasa dipanggil Koji. aku berasal dari dunia lain dan aku adalah campuran antara manusia, werewolf, dan kitsune.

Di channel ini, aku bakal ngasih konten-konten Horor, Mystery, Survival, dan Simulasi. aku bakal mainin game-game baru, dan live streaming.

aku suka tantangan dan horor. aku juga suka menikmati pengalaman pertama bermain game horor baru dengan penonton.

Jadi, kalo Kalian suka game Horor, Mystery, Survival, atau Simulasi, jangan lupa subscribe channel aku dan follow aku di media sosial. aku bakal selalu upload konten baru, jadi jangan sampai ketinggalan!

Oh iya, kalo Kalian ada pertanyaan atau saran, jangan ragu buat komen di bawah video aku yaa.

See you, guys!
",kojiotsune,"CozyWolfy Ch,CozyWolfy,Koji Otsune,Koji,Otsune",1,0,"Role playing video game,Action adventure game,Action game,Video game culture",163313,653,2550,TRUE,UCLUAa71hUNwjB4oSSW6knqg
debut stream vtuber,4,_fbuEAsB1IU,2023-07-28 23:53:42+00:00,„Äê BIRTHDAY STREAM „ÄëPngtuber debut sekalian,Carrd : https://akanichiyu.carrd.co/ Instagram : https://www.instagram.com/akanichiyu/ Twitter : https://twitter.com/akanichiyu ...,"0    https://i.ytimg.com/vi/_fbuEAsB1IU/sddefault.jpg
Name: thumbnail_url, dtype: object",ja,public,31507,1,,348,49,0,0,0,24,Entertainment,2023-07-28 14:37:13+00:00,,2023-07-28 14:30:00+00:00,Akanichiyu,2018-05-18 10:12:13+00:00,ID,UUjBSKz9UsWpsQLRD4JkpAHA,https://www.youtube.com/channel/UCjBSKz9UsWpsQLRD4JkpAHA,http://www.youtube.com/@Akanichiyu,"EN/ID üçÄ Hello, my name is Aka!

I'm a full-time freelance artist and a Vtuber from Indonesia. I've been doing Digital art since 2014, and Animations since 2016 in anime style.

I usually play games, stream, or paint when I don't have anything to do while eating bread or ice cubes as snacks.

I used to stream with Indonesian language, but I also speak English a little!

Thank you for visiting!
",akanichiyu,"vtuber,vtuberid,speedpaint,animatic,animation,artist,timelapse,gaming,genshin impact,clip studio paint,photoshop,pngtuber,akanichiyu",1,0,"Action game,Action adventure game,Role playing video game,Video game culture",259337,142,4930,TRUE,UCjBSKz9UsWpsQLRD4JkpAHA
debut stream vtuber,17,zdN-imE1weM,2023-08-05 17:51:01+00:00,Hari ini hari aku debut 300 tahun yang lalu?!,Traktir & Mediashare : https://trakteer.id/niaredalion‚Äã‚Äã‚Äã‚Äã ‚úø Tolong dibaca dulu dan taati peraturan dibawah ini ya ...,"0    https://i.ytimg.com/vi/zdN-imE1weM/sddefault.jpg
Name: thumbnail_url, dtype: object",id,public,18227,0,,4506,634,0,10,0,24,,2023-08-05 12:29:48+00:00,,2023-08-05 12:30:00+00:00,Nia Redalion„ÄêMAHA5„Äë,2020-07-30 17:22:56.753408+00:00,,UUD2W-dcuukl4oChTKATdSiw,https://www.youtube.com/channel/UCD2W-dcuukl4oChTKATdSiw,http://www.youtube.com/@NiaRedalionCh,"Haro Haro  Everyone!!

Aku Nia Redalion. Virtual youtuber asal indonesia.
Salam kenal  (ÔΩ°¬¥‚àÄÔΩÄ)Ôæâ



 ‚Äï‚óè‚óã‚óé- ‚úø ‚úø ‚úø ‚úø ‚úø ‚úø ‚Äï‚óè‚óã‚óé-



‚óâFacebook
https://www.facebook.com/Nia-Redalion-573196860039319

‚óâ Twitter
https://twitter.com/NiaRedalion

‚óâ Instagram
https://www.instagram.com/niaredalion/?hl=en

‚óâEmail
niaredalion.v@gmail.com




‚úø ‚úø ‚úø",niaredalionch,,1,0,"Film,Entertainment,Video game culture",14020741,669,245000,TRUE,UCD2W-dcuukl4oChTKATdSiw
debut stream vtuber,5,rVWvm8U-hAg,2023-08-15 04:46:06+00:00,Free Talk || LAST (before our debut)  [umothoria | #pngtuber ] #vtuberindonesia #vtuberid,support: https://trakteer.id/umothoria/tip THE END OF MY TRIAL PERIOD ...,"0    https://i.ytimg.com/vi/rVWvm8U-hAg/sddefault.jpg
Name: thumbnail_url, dtype: object",en,public,12523,1,"vtuber,pngtuber,vtuberID,vtuberEN,vtuberindonesia",414,62,0,4,0,24,,2023-08-14 13:06:02+00:00,,2023-08-14 13:00:00+00:00,Umo Thoria Ch. ,2021-03-11 13:07:56.169381+00:00,ID,UUV1QOCKN8gJD4v_QzOgYljw,https://www.youtube.com/channel/UCV1QOCKN8gJD4v_QzOgYljw,http://www.youtube.com/@umothoria,"üåª Welcome üåª

A forgotten child of the Private Trade Association's Leader. Entering the virtual world for her job as a trade investigator under the SUNFLOWER division.
""Ssst! This is a secret job. Don't tell anyone!""
Often involved in several transactions in disguise. Perhaps, you can meet her on the street! (especially if you are SUS)

Seorang anak dari Ketua Asosiasi Dagang Swasta yang terlupakan. Memasuki dunia virtual untuk pekerjaannya sebagai investigator transaksi perdagangan di bawah divisi rahasia SUNFLOWER.

Sometimes singing + playing guitar, sometimes gaming, sometimes drawing, sometimes stuuuuudyyyy, and many more!!

---------

For any inquiries and collab, please contact Umonager through discord: u_235m

---------

Support me through Trakteer: https://trakteer.id/umothoria/tip
Join my Discord Server! https://discord.gg/TZpdNph5tV

---------

Fan Name: Umotachi (general), SUNFLOWER (membership)
General Tag: #UmoThoria
Art Tag: #GaleriUmo
Clip Tag: #UmoClips
Oshi Mark: üåªüî´
",umothoria,"drawing,digitaldrawing,guitar,sing,karaoke,streaming,vtuber,vtuberindonesia,vtuberid,pngtuber,game,japanense,guitarpractice,singingpractice",1,0,"Action game,Action adventure game,Role playing video game,Video game culture",57071,227,1620,TRUE,UCV1QOCKN8gJD4v_QzOgYljw
debut stream vtuber,5,Q0hLKKjHgYY,2023-08-24 14:48:03+00:00,„ÄêFree Talk„Äë sambil nonton debut Vtuber,well hello there para makhluk bertulang belakang di manapun kalian berada selamat datang di channel tidak jelas ini bersama ...,"0    https://i.ytimg.com/vi/Q0hLKKjHgYY/sddefault.jpg
Name: thumbnail_url, dtype: object",,public,7214,0,"streaming,vtuber,kirikaya sena,indonesia,anime,game,random",62,8,0,0,0,20,Video game culture,2023-08-24 12:03:09+00:00,,,Kirikaya Sena ch.,2015-06-16 04:19:44+00:00,ID,UUGP3VaynkaMvEyE288tkGog,https://www.youtube.com/channel/UCGP3VaynkaMvEyE288tkGog,http://www.youtube.com/@kirikayasena,"bahas anime, manga dan live game
Seorang medium yang dihuni oleh siluman kukang",kirikayasena,"kirikaya,sena,kirikayasena,kirikaya sena,vtuber,thigh review,livestream,live stream,anime,game,manga,mabar",1,0,"Action game,Action adventure game,Role playing video game,Video game culture",104778,459,1190,TRUE,UCGP3VaynkaMvEyE288tkGog
debut stream vtuber,10,jpZT9lw2SRU,2023-08-26 01:49:12+00:00,[LIVE] debut karakter baru &amp; main game baru [Vtuber Indonesia],Peraturan Live Streaming 1. Dilarang spam 2. Gunakan bahasa yang sopan disaat berkomentar 3. Dilarang membahas politik 4.,"0    https://i.ytimg.com/vi/jpZT9lw2SRU/sddefault.jpg
Name: thumbnail_url, dtype: object",,public,2789,0,,64,14,0,0,0,20,"Action game,Role playing video game,Strategy video game,Video game culture",2023-08-25 12:58:56+00:00,,2023-08-25 13:00:00+00:00,Reqi - Kun  Ch. [OVS],2020-09-20 01:52:19.136748+00:00,ID,UU9v03Udualk5Y7c-oNk0qKg,https://www.youtube.com/channel/UC9v03Udualk5Y7c-oNk0qKg,http://www.youtube.com/@reqi_kun,"Hello , welcome to my channel,Semoga kalian Nikmati Konten - konten reqi ya.",reqi_kun,"#vtuber,#vtuberhybrid",1,0,"Action game,Strategy video game,Role playing video game,Video game culture,Action adventure game",73506,664,2010,TRUE,UC9v03Udualk5Y7c-oNk0qKg
